DeliveryID,OrderID,DriverID,DispatchTime,PickupTime,DeliveryTime,Distance_KM,DeliveryFee,Status
DEL-10001,ORD-20001,DRV-139,2026-02-02 16:20:05,2026-02-02 16:51:05,2026-02-02 17:34:05,9.71,24.58,Delivered
DEL-10002,ORD-20002,DRV-129,2026-01-04 00:39:36,2026-01-04 00:57:36,2026-01-04 02:26:36,24.09,40.67,Delivered
DEL-10003,ORD-20003,DRV-115,2026-02-21 03:01:14,2026-02-21 03:13:14,2026-02-21 03:54:14,13.67,29.47,Delivered
DEL-10004,ORD-20004,DRV-143,2026-03-09 22:32:19,2026-03-09 22:45:19,2026-03-09 23:19:19,6.85,19.14,Delivered
DEL-10005,ORD-20005,DRV-108,2026-03-19 00:32:05,2026-03-19 00:51:05,2026-03-19 01:23:05,9.04,21.97,Delivered
DEL-10006,ORD-20006,DRV-121,2026-01-02 18:36:08,2026-01-02 19:06:08,2026-01-02 20:25:08,18.91,36.62,Delivered
DEL-10007,ORD-20007,DRV-139,2026-02-19 04:59:43,2026-02-19 05:08:43,2026-02-19 05:39:43,10.72,28.06,Returned
DEL-10008,ORD-20008,DRV-119,2026-01-02 03:21:59,2026-01-02 03:42:59,2026-01-02 04:55:59,20.81,36.71,Delivered
DEL-10009,ORD-20009,DRV-123,2026-03-26 20:18:58,2026-03-26 20:35:58,2026-03-26 21:28:58,15.97,34.5,Delivered
DEL-10010,ORD-20010,DRV-111,2026-03-13 22:13:31,2026-03-13 22:35:31,2026-03-13 23:14:31,11.98,26.48,Delivered
DEL-10011,ORD-20011,DRV-111,2026-03-08 00:39:39,2026-03-08 00:56:39,,15.74,30.26,Cancelled
DEL-10012,ORD-20012,DRV-124,2026-02-11 19:14:46,2026-02-11 19:29:46,,15.65,32.23,Cancelled
DEL-10013,ORD-20013,DRV-136,2026-02-26 21:36:26,2026-02-26 21:53:26,2026-02-26 22:57:26,18.53,33.33,Delivered
DEL-10014,ORD-20014,DRV-140,2026-02-08 00:46:35,2026-02-08 01:01:35,2026-02-08 01:46:35,11.85,27.83,Delivered
DEL-10015,ORD-20015,DRV-124,2026-03-10 02:01:26,2026-03-10 02:19:26,2026-03-10 03:13:26,16.14,33.64,Delivered
DEL-10016,ORD-20016,DRV-103,2026-01-12 05:39:37,2026-01-12 05:57:37,2026-01-12 06:28:37,6.5,20.24,Delivered
DEL-10017,ORD-20017,DRV-122,2026-03-03 19:32:46,2026-03-03 19:55:46,2026-03-03 21:02:46,18.12,35.61,Delivered
DEL-10018,ORD-20018,DRV-102,2026-02-07 02:41:48,2026-02-07 03:02:48,2026-02-07 04:01:48,14.63,31.32,Delivered
DEL-10019,ORD-20019,DRV-124,2026-01-11 22:45:36,2026-01-11 23:17:36,2026-01-12 00:27:36,24.15,44.38,Delivered
DEL-10020,ORD-20020,DRV-144,2026-02-24 20:14:20,2026-02-24 20:46:20,2026-02-24 21:19:20,10.04,26.27,Delivered
DEL-10021,ORD-20021,DRV-130,2026-02-04 22:24:25,2026-02-04 22:33:25,2026-02-05 00:04:25,22.63,40.02,Delivered
DEL-10022,ORD-20022,DRV-138,2026-02-28 22:50:53,2026-02-28 23:21:53,2026-02-28 23:51:53,5.31,19.13,Delivered
DEL-10023,ORD-20023,DRV-102,2026-03-04 21:25:27,2026-03-04 21:41:27,2026-03-04 22:04:27,6.16,20.28,Returned
DEL-10024,ORD-20024,DRV-121,2026-03-27 18:39:48,2026-03-27 19:05:48,2026-03-27 19:30:48,8.18,21.77,Delivered
DEL-10025,ORD-20025,DRV-133,2026-03-03 20:28:48,2026-03-03 20:53:48,2026-03-03 21:05:48,2.05,14.92,Delivered
DEL-10026,ORD-20026,DRV-112,2026-02-17 00:53:27,2026-02-17 01:04:27,2026-02-17 01:49:27,12.41,28.0,Delivered
DEL-10027,ORD-20027,DRV-122,2026-02-25 05:31:09,2026-02-25 06:01:09,2026-02-25 06:33:09,7.51,22.61,Delivered
DEL-10028,ORD-20028,DRV-144,2026-01-08 02:00:56,2026-01-08 02:15:56,2026-01-08 02:47:56,6.37,19.12,Delivered
DEL-10029,ORD-20029,DRV-125,2026-03-09 04:27:46,2026-03-09 04:58:46,2026-03-09 06:03:46,17.99,36.51,Returned
DEL-10030,ORD-20030,DRV-149,2026-02-06 19:13:30,2026-02-06 19:21:30,2026-02-06 19:48:30,8.75,21.37,Delivered
DEL-10031,ORD-20031,DRV-127,2026-01-20 01:59:17,2026-01-20 02:16:17,2026-01-20 03:34:17,22.0,41.59,Delivered
DEL-10032,ORD-20032,DRV-142,2026-03-28 17:19:04,2026-03-28 17:47:04,2026-03-28 18:17:04,9.24,25.42,Delivered
DEL-10033,ORD-20033,DRV-128,2026-03-28 03:16:09,2026-03-28 03:40:09,2026-03-28 04:24:09,14.38,32.9,Delivered
DEL-10034,ORD-20034,DRV-116,2026-01-15 03:01:44,2026-01-15 03:22:44,2026-01-15 04:12:44,10.58,24.32,Delivered
DEL-10035,ORD-20035,DRV-115,2026-01-29 20:22:36,2026-01-29 20:33:36,2026-01-29 20:43:36,1.63,16.61,Delivered
DEL-10036,ORD-20036,DRV-147,2026-01-17 22:37:57,2026-01-17 23:11:57,2026-01-18 00:21:57,17.98,33.01,Delivered
DEL-10037,ORD-20037,DRV-144,2026-02-09 20:44:56,2026-02-09 21:12:56,2026-02-09 21:58:56,12.72,28.77,Delivered
DEL-10038,ORD-20038,DRV-103,2026-02-15 17:59:53,2026-02-15 18:32:53,2026-02-15 19:25:53,18.4,33.41,Delivered
DEL-10039,ORD-20039,DRV-137,2026-02-09 22:35:48,,,18.01,35.56,Cancelled
DEL-10040,ORD-20040,DRV-107,2026-01-25 05:04:55,2026-01-25 05:14:55,2026-01-25 05:39:55,6.21,17.92,Delivered
DEL-10041,ORD-20041,DRV-121,2026-03-04 05:42:33,2026-03-04 05:57:33,2026-03-04 06:58:33,15.72,32.02,Delivered
DEL-10042,ORD-20042,DRV-109,2026-03-03 02:41:24,2026-03-03 03:00:24,2026-03-03 03:33:24,6.94,22.77,Delivered
DEL-10043,ORD-20043,DRV-139,2026-01-12 21:43:58,,,22.57,38.9,Cancelled
DEL-10044,ORD-20044,DRV-118,2026-02-16 18:15:23,2026-02-16 18:27:23,2026-02-16 19:34:23,18.87,36.78,Delivered
DEL-10045,ORD-20045,DRV-104,2026-03-13 20:24:11,,,6.35,22.88,Cancelled
DEL-10046,ORD-20046,DRV-125,2026-01-11 01:16:22,2026-01-11 01:38:22,2026-01-11 02:34:22,14.15,30.05,Delivered
DEL-10047,ORD-20047,DRV-114,2026-02-17 19:58:22,2026-02-17 20:08:22,2026-02-17 21:10:22,19.73,38.39,Delivered
DEL-10048,ORD-20048,DRV-150,2026-01-18 02:23:34,2026-01-18 02:58:34,,14.26,30.23,Cancelled
DEL-10049,ORD-20049,DRV-109,2026-02-24 22:38:14,2026-02-24 22:58:14,2026-02-25 00:13:14,19.93,37.6,Delivered
DEL-10050,ORD-20050,DRV-126,2026-02-12 04:01:54,2026-02-12 04:21:54,2026-02-12 05:01:54,11.96,29.9,Delivered
DEL-10051,ORD-20051,DRV-102,2026-02-08 16:28:48,2026-02-08 16:59:48,2026-02-08 17:37:48,10.56,25.6,Delivered
DEL-10052,ORD-20052,DRV-120,2026-01-10 18:38:19,2026-01-10 18:59:19,2026-01-10 19:49:19,18.39,34.18,Delivered
DEL-10053,ORD-20053,DRV-128,2026-03-10 02:36:24,2026-03-10 02:58:24,2026-03-10 03:29:24,7.66,24.13,Delivered
DEL-10054,ORD-20054,DRV-147,2026-03-09 20:57:36,2026-03-09 21:28:36,2026-03-09 22:44:36,19.52,34.85,Delivered
DEL-10055,ORD-20055,DRV-107,2026-01-12 04:33:24,2026-01-12 05:02:24,2026-01-12 06:12:24,18.52,33.47,Delivered
DEL-10056,ORD-20056,DRV-144,2026-03-15 17:56:25,2026-03-15 18:08:25,2026-03-15 18:31:25,2.06,17.36,Delivered
DEL-10057,ORD-20057,DRV-108,2026-03-29 04:34:19,2026-03-29 04:59:19,2026-03-29 06:10:19,24.38,41.34,Delivered
DEL-10058,ORD-20058,DRV-147,2026-03-30 04:34:37,2026-03-30 04:45:37,2026-03-30 05:36:37,15.71,33.38,Delivered
DEL-10059,ORD-20059,DRV-135,2026-01-12 04:02:58,2026-01-12 04:20:58,,4.22,19.72,Cancelled
DEL-10060,ORD-20060,DRV-114,2026-03-21 02:04:10,2026-03-21 02:19:10,2026-03-21 02:42:10,3.23,16.08,Delivered
DEL-10061,ORD-20061,DRV-117,2026-01-18 18:59:47,2026-01-18 19:14:47,2026-01-18 20:28:47,17.12,31.78,Delivered
DEL-10062,ORD-20062,DRV-136,2026-02-28 01:39:33,2026-02-28 02:10:33,2026-02-28 03:06:33,13.87,31.66,Delivered
DEL-10063,ORD-20063,DRV-150,2026-03-01 04:40:12,2026-03-01 05:14:12,2026-03-01 06:29:12,20.7,39.36,Delivered
DEL-10064,ORD-20064,DRV-140,2026-01-06 04:57:56,2026-01-06 05:15:56,2026-01-06 05:30:56,1.88,16.48,Delivered
DEL-10065,ORD-20065,DRV-104,2026-01-31 16:01:13,2026-01-31 16:21:13,2026-01-31 17:21:13,18.83,34.83,Delivered
DEL-10066,ORD-20066,DRV-102,2026-01-17 19:33:59,2026-01-17 19:59:59,2026-01-17 20:17:59,1.41,15.86,Delivered
DEL-10067,ORD-20067,DRV-106,2026-03-04 22:14:29,2026-03-04 22:25:29,2026-03-04 23:19:29,18.76,37.39,Delivered
DEL-10068,ORD-20068,DRV-142,2026-03-06 02:21:16,2026-03-06 02:55:16,2026-03-06 04:01:16,14.76,30.18,Delivered
DEL-10069,ORD-20069,DRV-104,2026-03-06 02:11:35,2026-03-06 02:29:35,2026-03-06 03:40:35,16.29,33.33,Delivered
DEL-10070,ORD-20070,DRV-129,2026-03-21 03:10:57,2026-03-21 03:21:57,2026-03-21 03:41:57,1.22,12.32,Delivered
DEL-10071,ORD-20071,DRV-118,2026-02-09 00:28:28,2026-02-09 00:55:28,2026-02-09 01:34:28,8.15,24.39,Delivered
DEL-10072,ORD-20072,DRV-126,2026-03-09 05:43:55,2026-03-09 06:17:55,2026-03-09 07:02:55,11.27,28.81,Delivered
DEL-10073,ORD-20073,DRV-144,2026-02-26 22:58:00,2026-02-26 23:08:00,2026-02-26 23:38:00,8.67,24.46,Delivered
DEL-10074,ORD-20074,DRV-134,2026-01-24 21:14:43,2026-01-24 21:38:43,2026-01-24 22:16:43,12.23,30.13,Delivered
DEL-10075,ORD-20075,DRV-110,2026-03-20 22:49:51,2026-03-20 23:20:51,2026-03-20 23:32:51,1.62,16.01,Delivered
DEL-10076,ORD-20076,DRV-136,2026-01-21 03:24:29,2026-01-21 03:35:29,2026-01-21 03:59:29,3.93,15.54,Delivered
DEL-10077,ORD-20077,DRV-114,2026-03-01 18:53:52,2026-03-01 19:13:52,2026-03-01 19:38:52,7.47,23.33,Delivered
DEL-10078,ORD-20078,DRV-131,2026-01-19 02:17:45,2026-01-19 02:49:45,2026-01-19 04:17:45,23.91,43.5,Delivered
DEL-10079,ORD-20079,DRV-148,2026-02-10 17:21:50,2026-02-10 17:43:50,2026-02-10 18:03:50,3.64,15.76,Returned
DEL-10080,ORD-20080,DRV-115,2026-01-20 21:39:31,2026-01-20 21:55:31,2026-01-20 22:58:31,23.13,39.27,Delivered
DEL-10081,ORD-20081,DRV-108,2026-03-18 18:21:38,2026-03-18 18:46:38,2026-03-18 19:13:38,4.29,18.2,Delivered
DEL-10082,ORD-20082,DRV-114,2026-02-13 19:10:02,2026-02-13 19:26:02,2026-02-13 20:45:02,22.08,40.57,Delivered
DEL-10083,ORD-20083,DRV-123,2026-03-14 02:19:46,2026-03-14 02:54:46,,20.19,35.64,Cancelled
DEL-10084,ORD-20084,DRV-140,2026-01-22 22:02:40,2026-01-22 22:21:40,2026-01-22 22:49:40,5.02,18.47,Delivered
DEL-10085,ORD-20085,DRV-121,2026-01-26 04:57:18,2026-01-26 05:27:18,2026-01-26 06:37:18,23.94,41.61,Delivered
DEL-10086,ORD-20086,DRV-116,2026-02-14 00:17:18,2026-02-14 00:27:18,2026-02-14 00:47:18,6.52,23.13,Returned
DEL-10087,ORD-20087,DRV-145,2026-02-04 20:53:14,2026-02-04 21:26:14,2026-02-04 21:56:14,7.2,21.31,Delivered
DEL-10088,ORD-20088,DRV-118,2026-02-06 21:43:19,2026-02-06 21:59:19,2026-02-06 22:42:19,12.96,28.92,Delivered
DEL-10089,ORD-20089,DRV-147,2026-03-08 01:35:05,2026-03-08 01:54:05,2026-03-08 02:42:05,16.46,35.54,Delivered
DEL-10090,ORD-20090,DRV-124,2026-02-10 03:32:34,2026-02-10 03:49:34,2026-02-10 04:52:34,19.28,36.13,Delivered
DEL-10091,ORD-20091,DRV-126,2026-01-02 20:04:37,,,12.67,27.07,Cancelled
DEL-10092,ORD-20092,DRV-125,2026-03-31 02:38:05,2026-03-31 02:48:05,2026-03-31 03:55:05,16.39,32.05,Delivered
DEL-10093,ORD-20093,DRV-145,2026-03-07 03:55:35,2026-03-07 04:05:35,2026-03-07 05:22:35,23.8,42.02,Delivered
DEL-10094,ORD-20094,DRV-141,2026-01-11 02:40:00,,,11.67,27.53,Cancelled
DEL-10095,ORD-20095,DRV-129,2026-03-25 21:42:36,2026-03-25 22:13:36,2026-03-25 22:59:36,9.51,24.56,Delivered
DEL-10096,ORD-20096,DRV-115,2026-03-21 00:58:19,2026-03-21 01:25:19,2026-03-21 01:45:19,7.49,19.65,Delivered
DEL-10097,ORD-20097,DRV-145,2026-02-04 22:52:58,2026-02-04 23:09:58,2026-02-04 23:37:58,8.57,23.25,Delivered
DEL-10098,ORD-20098,DRV-101,2026-03-30 02:33:24,2026-03-30 02:55:24,2026-03-30 03:50:24,16.09,34.45,Delivered
DEL-10099,ORD-20099,DRV-125,2026-02-14 00:22:44,2026-02-14 00:37:44,2026-02-14 00:57:44,4.54,20.37,Delivered
DEL-10100,ORD-20100,DRV-107,2026-01-08 20:37:04,2026-01-08 21:07:04,2026-01-08 22:41:04,23.65,40.84,Delivered
DEL-10101,ORD-20101,DRV-109,2026-01-30 23:16:25,2026-01-30 23:31:25,2026-01-31 00:47:25,21.45,39.67,Delivered
DEL-10102,ORD-20102,DRV-124,2026-02-03 01:30:15,2026-02-03 01:39:15,2026-02-03 03:00:15,20.47,38.92,Delivered
DEL-10103,ORD-20103,DRV-101,2026-03-05 06:40:24,2026-03-05 06:56:24,2026-03-05 07:48:24,21.49,40.77,Delivered
DEL-10104,ORD-20104,DRV-144,2026-01-05 02:05:33,2026-01-05 02:23:33,2026-01-05 03:29:33,18.96,37.69,Delivered
DEL-10105,ORD-20105,DRV-108,2026-02-24 02:20:14,2026-02-24 02:46:14,2026-02-24 03:40:14,15.88,32.9,Delivered
DEL-10106,ORD-20106,DRV-124,2026-02-02 20:48:34,2026-02-02 21:09:34,2026-02-02 21:34:34,6.5,18.49,Delivered
DEL-10107,ORD-20107,DRV-111,2026-02-15 23:20:25,2026-02-15 23:54:25,,23.37,43.45,Cancelled
DEL-10108,ORD-20108,DRV-117,2026-01-12 19:47:36,2026-01-12 20:17:36,2026-01-12 20:45:36,6.93,21.05,Delivered
DEL-10109,ORD-20109,DRV-108,2026-02-12 16:22:42,,,1.38,14.96,Cancelled
DEL-10110,ORD-20110,DRV-135,2026-03-16 21:03:20,2026-03-16 21:14:20,2026-03-16 21:51:20,12.36,26.42,Delivered
DEL-10111,ORD-20111,DRV-135,2026-01-28 04:27:34,2026-01-28 04:36:34,2026-01-28 05:19:34,14.74,28.87,Delivered
DEL-10112,ORD-20112,DRV-133,2026-03-31 19:10:06,2026-03-31 19:24:06,2026-03-31 20:10:06,17.07,32.24,Delivered
DEL-10113,ORD-20113,DRV-105,2026-02-11 20:55:35,2026-02-11 21:14:35,2026-02-11 21:50:35,11.09,24.3,Delivered
DEL-10114,ORD-20114,DRV-142,2026-02-17 05:54:21,2026-02-17 06:10:21,2026-02-17 07:22:21,20.29,39.78,Delivered
DEL-10115,ORD-20115,DRV-139,2026-02-12 04:15:48,2026-02-12 04:41:48,2026-02-12 05:14:48,6.72,22.3,Delivered
DEL-10116,ORD-20116,DRV-141,2026-03-16 03:18:35,2026-03-16 03:42:35,2026-03-16 04:02:35,4.69,17.98,Delivered
DEL-10117,ORD-20117,DRV-128,2026-02-02 20:16:21,2026-02-02 20:34:21,2026-02-02 20:56:21,1.75,15.4,Delivered
DEL-10118,ORD-20118,DRV-107,2026-03-19 01:24:01,2026-03-19 01:41:01,2026-03-19 02:12:01,7.6,22.49,Delivered
DEL-10119,ORD-20119,DRV-109,2026-02-11 02:38:23,2026-02-11 02:55:23,2026-02-11 03:26:23,4.19,15.76,Delivered
DEL-10120,ORD-20120,DRV-108,2026-02-05 18:32:35,2026-02-05 18:48:35,2026-02-05 19:21:35,5.67,18.7,Delivered
DEL-10121,ORD-20121,DRV-112,2026-02-19 03:59:04,2026-02-19 04:14:04,2026-02-19 04:32:04,2.83,16.74,Delivered
DEL-10122,ORD-20122,DRV-134,2026-02-13 21:02:21,2026-02-13 21:26:21,2026-02-13 22:35:21,16.8,35.97,Delivered
DEL-10123,ORD-20123,DRV-133,2026-01-30 21:21:43,2026-01-30 21:43:43,2026-01-30 22:04:43,3.27,18.9,Delivered
DEL-10124,ORD-20124,DRV-148,2026-03-03 22:54:15,2026-03-03 23:04:15,2026-03-03 23:25:15,1.23,13.04,Returned
DEL-10125,ORD-20125,DRV-123,2026-01-23 22:39:53,2026-01-23 23:11:53,2026-01-24 00:32:53,24.32,45.04,Delivered
DEL-10126,ORD-20126,DRV-124,2026-03-11 20:07:38,2026-03-11 20:34:38,2026-03-11 21:57:38,21.35,39.73,Delivered
DEL-10127,ORD-20127,DRV-137,2026-02-05 21:49:44,2026-02-05 22:09:44,,9.59,22.43,Cancelled
DEL-10128,ORD-20128,DRV-135,2026-03-08 22:22:25,,,15.19,31.57,Cancelled
DEL-10129,ORD-20129,DRV-144,2026-03-28 01:51:41,2026-03-28 02:11:41,2026-03-28 02:56:41,12.88,28.09,Delivered
DEL-10130,ORD-20130,DRV-140,2026-01-31 02:02:15,2026-01-31 02:12:15,2026-01-31 02:31:15,6.14,21.77,Delivered
DEL-10131,ORD-20131,DRV-122,2026-02-04 21:19:17,2026-02-04 21:48:17,2026-02-04 22:46:17,16.13,34.27,Delivered
DEL-10132,ORD-20132,DRV-127,2026-01-14 19:15:53,2026-01-14 19:37:53,,20.52,37.24,Cancelled
DEL-10133,ORD-20133,DRV-135,2026-01-08 23:03:24,2026-01-08 23:23:24,2026-01-08 23:53:24,6.62,18.67,Delivered
DEL-10134,ORD-20134,DRV-101,2026-01-18 21:05:31,2026-01-18 21:31:31,2026-01-18 21:56:31,6.23,20.89,Delivered
DEL-10135,ORD-20135,DRV-135,2026-03-24 20:24:01,2026-03-24 20:46:01,2026-03-24 21:36:01,12.49,29.38,Delivered
DEL-10136,ORD-20136,DRV-137,2026-01-09 19:08:27,2026-01-09 19:16:27,2026-01-09 19:49:27,8.27,20.84,Delivered
DEL-10137,ORD-20137,DRV-147,2026-02-10 03:38:59,2026-02-10 03:52:59,2026-02-10 04:26:59,8.34,23.54,Delivered
DEL-10138,ORD-20138,DRV-114,2026-03-04 22:34:06,2026-03-04 23:03:06,2026-03-05 00:00:06,13.44,29.21,Delivered
DEL-10139,ORD-20139,DRV-103,2026-01-02 19:20:53,2026-01-02 19:51:53,2026-01-02 20:50:53,19.61,37.42,Delivered
DEL-10140,ORD-20140,DRV-101,2026-01-13 16:49:44,,,23.94,43.93,Cancelled
DEL-10141,ORD-20141,DRV-105,2026-03-02 02:20:51,2026-03-02 02:29:51,2026-03-02 03:03:51,7.4,20.0,Delivered
DEL-10142,ORD-20142,DRV-126,2026-03-23 23:40:28,2026-03-24 00:00:28,2026-03-24 00:27:28,10.39,25.28,Delivered
DEL-10143,ORD-20143,DRV-114,2026-01-10 05:01:59,,,2.98,15.12,Cancelled
DEL-10144,ORD-20144,DRV-139,2026-01-22 03:54:33,2026-01-22 04:18:33,2026-01-22 04:51:33,10.2,25.0,Delivered
DEL-10145,ORD-20145,DRV-127,2026-02-14 20:31:43,2026-02-14 21:03:43,2026-02-14 21:48:43,13.13,29.81,Delivered
DEL-10146,ORD-20146,DRV-109,2026-02-20 18:23:16,2026-02-20 18:44:16,2026-02-20 20:13:16,23.49,43.05,Delivered
DEL-10147,ORD-20147,DRV-115,2026-01-16 05:50:27,2026-01-16 06:19:27,2026-01-16 07:02:27,9.47,23.9,Delivered
DEL-10148,ORD-20148,DRV-115,2026-02-07 18:47:27,2026-02-07 19:03:27,2026-02-07 20:05:27,22.14,41.59,Delivered
DEL-10149,ORD-20149,DRV-126,2026-03-08 19:03:13,2026-03-08 19:28:13,2026-03-08 19:42:13,2.81,18.31,Delivered
DEL-10150,ORD-20150,DRV-142,2026-01-12 23:01:53,2026-01-12 23:10:53,2026-01-12 23:56:53,12.52,30.25,Delivered
DEL-10151,ORD-20151,DRV-113,2026-01-18 04:54:08,2026-01-18 05:26:08,2026-01-18 05:56:08,9.87,24.5,Delivered
DEL-10152,ORD-20152,DRV-132,2026-01-31 04:43:31,2026-01-31 05:16:31,2026-01-31 06:08:31,12.76,26.01,Returned
DEL-10153,ORD-20153,DRV-139,2026-02-09 03:40:46,2026-02-09 03:55:46,2026-02-09 04:35:46,7.08,22.63,Delivered
DEL-10154,ORD-20154,DRV-149,2026-01-07 20:31:10,2026-01-07 20:51:10,2026-01-07 21:27:10,8.66,24.59,Delivered
DEL-10155,ORD-20155,DRV-132,2026-03-27 02:26:49,2026-03-27 02:46:49,2026-03-27 03:11:49,6.17,20.24,Delivered
DEL-10156,ORD-20156,DRV-104,2026-03-03 03:02:53,2026-03-03 03:16:53,,14.37,31.41,Cancelled
DEL-10157,ORD-20157,DRV-130,2026-01-08 22:15:07,2026-01-08 22:30:07,2026-01-08 22:59:07,6.95,22.32,Returned
DEL-10158,ORD-20158,DRV-137,2026-03-31 00:45:38,2026-03-31 01:01:38,2026-03-31 01:54:38,15.53,32.85,Delivered
DEL-10159,ORD-20159,DRV-123,2026-04-01 03:11:16,2026-04-01 03:38:16,2026-04-01 03:48:16,1.46,15.57,Delivered
DEL-10160,ORD-20160,DRV-139,2026-03-12 04:36:57,2026-03-12 05:07:57,2026-03-12 05:43:57,9.78,24.47,Delivered
DEL-10161,ORD-20161,DRV-145,2026-02-07 02:53:39,2026-02-07 03:25:39,2026-02-07 03:43:39,5.36,16.85,Delivered
DEL-10162,ORD-20162,DRV-115,2026-03-12 23:13:02,2026-03-12 23:24:02,2026-03-12 23:41:02,2.71,16.29,Delivered
DEL-10163,ORD-20163,DRV-143,2026-02-04 01:18:30,2026-02-04 01:44:30,2026-02-04 02:04:30,1.73,13.77,Delivered
DEL-10164,ORD-20164,DRV-129,2026-03-18 03:37:52,2026-03-18 03:48:52,2026-03-18 04:35:52,19.57,37.05,Delivered
DEL-10165,ORD-20165,DRV-136,2026-02-24 20:51:48,2026-02-24 21:20:48,2026-02-24 22:09:48,15.14,32.6,Returned
DEL-10166,ORD-20166,DRV-113,2026-03-12 02:47:46,2026-03-12 03:05:46,2026-03-12 03:31:46,3.96,17.0,Delivered
DEL-10167,ORD-20167,DRV-132,2026-01-16 20:51:09,2026-01-16 21:20:09,2026-01-16 21:46:09,8.99,21.37,Delivered
DEL-10168,ORD-20168,DRV-107,2026-02-21 05:41:34,2026-02-21 05:53:34,2026-02-21 06:32:34,11.21,28.38,Delivered
DEL-10169,ORD-20169,DRV-122,2026-03-16 05:35:05,2026-03-16 06:08:05,,15.91,30.14,Cancelled
DEL-10170,ORD-20170,DRV-128,2026-02-26 16:40:53,2026-02-26 17:07:53,2026-02-26 17:34:53,6.45,18.72,Delivered
DEL-10171,ORD-20171,DRV-102,2026-03-26 18:43:41,2026-03-26 19:04:41,2026-03-26 19:32:41,7.77,21.02,Delivered
DEL-10172,ORD-20172,DRV-142,2026-03-31 03:43:08,2026-03-31 04:16:08,2026-03-31 05:00:08,12.56,25.87,Delivered
DEL-10173,ORD-20173,DRV-145,2026-03-09 21:26:06,2026-03-09 21:44:06,2026-03-09 22:14:06,3.21,15.2,Delivered
DEL-10174,ORD-20174,DRV-106,2026-02-18 05:41:25,2026-02-18 06:14:25,2026-02-18 07:01:25,10.96,25.0,Delivered
DEL-10175,ORD-20175,DRV-128,2026-01-04 02:36:23,2026-01-04 03:14:23,,9.08,22.89,Cancelled
DEL-10176,ORD-20176,DRV-128,2026-02-10 16:52:03,2026-02-10 17:00:03,2026-02-10 17:47:03,10.94,24.12,Delivered
DEL-10177,ORD-20177,DRV-144,2026-03-03 04:57:42,2026-03-03 05:10:42,2026-03-03 05:22:42,2.78,17.01,Delivered
DEL-10178,ORD-20178,DRV-144,2026-03-06 22:04:01,2026-03-06 22:27:01,2026-03-06 23:27:01,16.68,31.93,Delivered
DEL-10179,ORD-20179,DRV-120,2026-02-09 00:23:46,2026-02-09 00:49:46,2026-02-09 01:41:46,13.14,30.46,Delivered
DEL-10180,ORD-20180,DRV-130,2026-01-21 20:03:45,2026-01-21 20:25:45,2026-01-21 21:43:45,18.77,33.55,Delivered
DEL-10181,ORD-20181,DRV-111,2026-01-14 20:40:39,2026-01-14 21:12:39,2026-01-14 22:10:39,24.15,44.05,Delivered
DEL-10182,ORD-20182,DRV-128,2026-03-13 21:41:51,2026-03-13 22:15:51,2026-03-13 23:12:51,19.8,36.61,Delivered
DEL-10183,ORD-20183,DRV-125,2026-03-11 05:55:11,2026-03-11 06:06:11,2026-03-11 06:50:11,13.39,28.17,Delivered
DEL-10184,ORD-20184,DRV-139,2026-02-25 02:14:47,2026-02-25 02:27:47,2026-02-25 03:48:47,22.1,40.23,Delivered
DEL-10185,ORD-20185,DRV-133,2026-03-22 04:02:26,2026-03-22 04:10:26,2026-03-22 04:37:26,7.65,24.48,Delivered
DEL-10186,ORD-20186,DRV-101,2026-02-02 02:42:36,2026-02-02 02:58:36,2026-02-02 03:52:36,11.46,27.4,Delivered
DEL-10187,ORD-20187,DRV-127,2026-01-17 06:44:54,2026-01-17 06:57:54,2026-01-17 07:26:54,4.05,18.69,Delivered
DEL-10188,ORD-20188,DRV-113,2026-01-28 02:02:32,2026-01-28 02:14:32,2026-01-28 02:36:32,1.88,16.46,Delivered
DEL-10189,ORD-20189,DRV-141,2026-01-10 03:49:05,2026-01-10 04:11:05,2026-01-10 05:16:05,17.75,33.76,Delivered
DEL-10190,ORD-20190,DRV-103,2026-03-26 20:21:02,2026-03-26 20:52:02,2026-03-26 21:43:02,21.7,39.75,Delivered
DEL-10191,ORD-20191,DRV-139,2026-03-26 22:33:40,2026-03-26 23:03:40,2026-03-27 00:07:40,18.43,33.99,Delivered
DEL-10192,ORD-20192,DRV-106,2026-01-18 03:10:29,2026-01-18 03:33:29,2026-01-18 04:31:29,24.01,43.18,Delivered
DEL-10193,ORD-20193,DRV-108,2026-02-09 16:46:38,2026-02-09 17:16:38,2026-02-09 17:47:38,5.09,19.64,Returned
DEL-10194,ORD-20194,DRV-127,2026-03-09 02:24:46,2026-03-09 02:52:46,2026-03-09 03:21:46,8.31,21.45,Delivered
DEL-10195,ORD-20195,DRV-109,2026-01-15 04:16:38,2026-01-15 04:31:38,,20.01,35.31,Cancelled
DEL-10196,ORD-20196,DRV-137,2026-01-23 20:33:55,2026-01-23 20:43:55,2026-01-23 21:28:55,10.04,23.68,Delivered
DEL-10197,ORD-20197,DRV-133,2026-03-19 23:48:24,2026-03-20 00:17:24,2026-03-20 01:00:24,11.02,23.91,Returned
DEL-10198,ORD-20198,DRV-142,2026-02-21 03:18:08,2026-02-21 03:34:08,2026-02-21 04:36:08,20.76,40.86,Delivered
DEL-10199,ORD-20199,DRV-144,2026-01-20 04:13:55,2026-01-20 04:29:55,2026-01-20 05:16:55,17.6,34.7,Delivered
DEL-10200,ORD-20200,DRV-124,2026-02-21 21:10:52,2026-02-21 21:21:52,2026-02-21 21:54:52,8.13,21.66,Delivered
DEL-10201,ORD-20201,DRV-115,2026-01-09 04:45:21,2026-01-09 05:09:21,2026-01-09 06:18:21,21.99,38.41,Delivered
DEL-10202,ORD-20202,DRV-132,2026-02-04 20:45:49,2026-02-04 20:57:49,2026-02-04 21:44:49,14.56,31.49,Delivered
DEL-10203,ORD-20203,DRV-132,2026-03-15 04:03:34,2026-03-15 04:23:34,2026-03-15 05:37:34,20.52,40.04,Delivered
DEL-10204,ORD-20204,DRV-124,2026-03-18 04:45:46,2026-03-18 05:14:46,2026-03-18 05:33:46,4.4,17.2,Delivered
DEL-10205,ORD-20205,DRV-141,2026-02-08 01:28:50,2026-02-08 01:57:50,2026-02-08 02:25:50,6.73,20.97,Delivered
DEL-10206,ORD-20206,DRV-149,2026-03-27 20:23:33,2026-03-27 20:36:33,2026-03-27 21:14:33,12.22,30.19,Delivered
DEL-10207,ORD-20207,DRV-149,2026-03-23 21:11:05,2026-03-23 21:19:05,2026-03-23 21:42:05,2.26,13.53,Delivered
DEL-10208,ORD-20208,DRV-112,2026-02-09 22:47:44,2026-02-09 23:11:44,2026-02-09 23:53:44,12.25,28.27,Delivered
DEL-10209,ORD-20209,DRV-139,2026-01-08 17:59:32,2026-01-08 18:16:32,2026-01-08 18:56:32,9.1,25.39,Delivered
DEL-10210,ORD-20210,DRV-102,2026-01-10 03:48:40,2026-01-10 04:04:40,,20.26,37.98,Cancelled
DEL-10211,ORD-20211,DRV-103,2026-01-14 02:45:18,2026-01-14 03:00:18,2026-01-14 03:46:18,11.7,29.27,Delivered
DEL-10212,ORD-20212,DRV-149,2026-03-14 04:52:44,2026-03-14 05:06:44,2026-03-14 06:07:44,15.36,30.75,Delivered
DEL-10213,ORD-20213,DRV-137,2026-01-09 04:45:22,2026-01-09 05:12:22,2026-01-09 06:12:22,17.92,36.55,Delivered
DEL-10214,ORD-20214,DRV-149,2026-03-09 21:35:17,2026-03-09 21:59:17,2026-03-09 22:20:17,3.35,17.17,Delivered
DEL-10215,ORD-20215,DRV-117,2026-01-16 03:01:28,2026-01-16 03:18:28,2026-01-16 04:11:28,17.01,33.07,Delivered
DEL-10216,ORD-20216,DRV-149,2026-03-15 02:27:02,,,18.07,33.19,Cancelled
DEL-10217,ORD-20217,DRV-102,2026-01-17 07:01:16,2026-01-17 07:31:16,2026-01-17 08:34:16,17.39,34.4,Delivered
DEL-10218,ORD-20218,DRV-102,2026-03-27 03:30:24,2026-03-27 03:59:24,2026-03-27 05:06:24,18.19,36.0,Delivered
DEL-10219,ORD-20219,DRV-128,2026-02-14 21:52:37,2026-02-14 22:02:37,2026-02-14 23:10:37,19.58,36.71,Delivered
DEL-10220,ORD-20220,DRV-123,2026-03-21 03:22:39,2026-03-21 03:51:39,2026-03-21 05:03:39,21.93,37.47,Delivered
DEL-10221,ORD-20221,DRV-137,2026-01-24 21:55:27,,,11.23,24.75,Cancelled
DEL-10222,ORD-20222,DRV-132,2026-01-20 21:09:59,2026-01-20 21:43:59,2026-01-20 22:14:59,10.03,22.57,Delivered
DEL-10223,ORD-20223,DRV-133,2026-02-08 03:07:33,2026-02-08 03:18:33,2026-02-08 04:10:33,20.81,38.91,Delivered
DEL-10224,ORD-20224,DRV-101,2026-03-10 20:23:58,2026-03-10 20:44:58,2026-03-10 21:26:58,13.59,27.67,Delivered
DEL-10225,ORD-20225,DRV-119,2026-02-20 16:58:14,2026-02-20 17:10:14,2026-02-20 18:02:14,12.57,26.36,Delivered
DEL-10226,ORD-20226,DRV-102,2026-02-05 04:03:17,2026-02-05 04:25:17,2026-02-05 05:15:17,20.46,40.5,Delivered
DEL-10227,ORD-20227,DRV-144,2026-01-23 00:36:40,2026-01-23 01:10:40,2026-01-23 02:02:40,14.1,30.33,Delivered
DEL-10228,ORD-20228,DRV-126,2026-02-12 03:44:50,2026-02-12 04:12:50,2026-02-12 04:41:50,5.33,19.2,Delivered
DEL-10229,ORD-20229,DRV-132,2026-03-09 21:27:23,2026-03-09 21:38:23,2026-03-09 22:46:23,24.49,41.37,Delivered
DEL-10230,ORD-20230,DRV-106,2026-03-24 02:56:23,2026-03-24 03:08:23,2026-03-24 03:58:23,15.66,30.58,Delivered
DEL-10231,ORD-20231,DRV-132,2026-01-19 19:26:52,2026-01-19 19:55:52,2026-01-19 20:43:52,15.16,30.72,Delivered
DEL-10232,ORD-20232,DRV-104,2026-01-06 03:19:40,2026-01-06 03:45:40,2026-01-06 05:00:40,21.64,41.77,Delivered
DEL-10233,ORD-20233,DRV-111,2026-02-22 04:54:57,2026-02-22 05:24:57,2026-02-22 06:11:57,12.65,28.42,Delivered
DEL-10234,ORD-20234,DRV-117,2026-03-05 23:49:16,2026-03-06 00:15:16,2026-03-06 01:36:16,21.37,41.62,Delivered
DEL-10235,ORD-20235,DRV-138,2026-01-05 03:34:47,2026-01-05 03:58:47,2026-01-05 05:29:47,24.41,40.81,Delivered
DEL-10236,ORD-20236,DRV-124,2026-01-19 21:02:58,2026-01-19 21:32:58,2026-01-19 21:45:58,1.92,17.26,Delivered
DEL-10237,ORD-20237,DRV-105,2026-03-28 02:53:09,2026-03-28 03:02:09,2026-03-28 03:19:09,4.33,16.91,Delivered
DEL-10238,ORD-20238,DRV-134,2026-02-26 00:29:46,2026-02-26 00:44:46,2026-02-26 01:54:46,24.28,41.35,Returned
DEL-10239,ORD-20239,DRV-106,2026-03-09 03:24:36,2026-03-09 03:36:36,2026-03-09 04:48:36,18.45,33.78,Delivered
DEL-10240,ORD-20240,DRV-122,2026-01-02 03:01:39,2026-01-02 03:12:39,2026-01-02 03:49:39,10.5,26.74,Delivered
DEL-10241,ORD-20241,DRV-111,2026-03-16 21:02:13,2026-03-16 21:28:13,2026-03-16 22:29:13,20.03,39.78,Delivered
DEL-10242,ORD-20242,DRV-148,2026-02-09 19:33:41,2026-02-09 20:06:41,2026-02-09 20:42:41,6.84,20.94,Delivered
DEL-10243,ORD-20243,DRV-116,2026-01-31 20:38:02,2026-01-31 21:12:02,2026-01-31 22:03:02,19.92,39.55,Delivered
DEL-10244,ORD-20244,DRV-133,2026-02-23 03:16:40,2026-02-23 03:42:40,2026-02-23 04:10:40,6.31,18.06,Delivered
DEL-10245,ORD-20245,DRV-109,2026-02-01 04:22:31,2026-02-01 04:49:31,2026-02-01 05:29:31,11.67,27.52,Delivered
DEL-10246,ORD-20246,DRV-106,2026-01-14 22:45:51,2026-01-14 22:56:51,2026-01-14 23:25:51,8.26,21.77,Delivered
DEL-10247,ORD-20247,DRV-116,2026-01-08 21:54:30,2026-01-08 22:12:30,2026-01-08 22:35:30,7.82,20.44,Delivered
DEL-10248,ORD-20248,DRV-129,2026-03-20 19:48:57,2026-03-20 20:12:57,2026-03-20 20:58:57,19.44,37.88,Delivered
DEL-10249,ORD-20249,DRV-103,2026-01-08 16:04:43,2026-01-08 16:12:43,2026-01-08 17:05:43,18.46,34.66,Delivered
DEL-10250,ORD-20250,DRV-120,2026-01-28 04:03:35,2026-01-28 04:16:35,2026-01-28 05:29:35,22.34,42.64,Delivered
DEL-10251,ORD-20251,DRV-136,2026-02-20 18:57:22,2026-02-20 19:28:22,2026-02-20 20:25:22,12.71,27.83,Delivered
DEL-10252,ORD-20252,DRV-119,2026-01-23 20:42:12,2026-01-23 20:53:12,2026-01-23 21:27:12,5.46,18.22,Delivered
DEL-10253,ORD-20253,DRV-126,2026-03-14 19:18:18,2026-03-14 19:41:18,2026-03-14 20:35:18,16.21,30.5,Delivered
DEL-10254,ORD-20254,DRV-103,2026-02-16 19:13:34,2026-02-16 19:38:34,2026-02-16 20:13:34,9.82,22.54,Delivered
DEL-10255,ORD-20255,DRV-119,2026-02-01 02:08:08,2026-02-01 02:19:08,2026-02-01 03:40:08,21.47,40.49,Delivered
DEL-10256,ORD-20256,DRV-120,2026-02-03 22:07:06,2026-02-03 22:26:06,2026-02-03 22:48:06,4.13,18.85,Returned
DEL-10257,ORD-20257,DRV-132,2026-02-23 20:35:20,2026-02-23 21:04:20,2026-02-23 21:38:20,7.9,21.71,Delivered
DEL-10258,ORD-20258,DRV-107,2026-02-13 18:09:45,2026-02-13 18:33:45,2026-02-13 19:01:45,6.84,23.11,Delivered
DEL-10259,ORD-20259,DRV-141,2026-02-04 23:46:37,2026-02-05 00:04:37,2026-02-05 01:03:37,13.57,29.94,Delivered
DEL-10260,ORD-20260,DRV-133,2026-03-01 22:00:19,2026-03-01 22:33:19,2026-03-01 23:21:19,11.8,26.09,Delivered
DEL-10261,ORD-20261,DRV-140,2026-02-22 18:46:29,2026-02-22 19:14:29,2026-02-22 19:49:29,9.77,23.12,Delivered
DEL-10262,ORD-20262,DRV-139,2026-02-27 20:56:11,2026-02-27 21:10:11,2026-02-27 21:21:11,1.23,13.04,Delivered
DEL-10263,ORD-20263,DRV-118,2026-03-15 00:07:32,2026-03-15 00:41:32,2026-03-15 01:25:32,15.32,30.61,Delivered
DEL-10264,ORD-20264,DRV-140,2026-01-29 20:33:33,2026-01-29 21:06:33,2026-01-29 21:53:33,12.48,29.34,Delivered
DEL-10265,ORD-20265,DRV-101,2026-01-09 20:55:31,2026-01-09 21:24:31,2026-01-09 22:20:31,16.37,33.69,Delivered
DEL-10266,ORD-20266,DRV-111,2026-03-31 20:41:56,2026-03-31 20:59:56,2026-03-31 22:05:56,15.7,33.53,Delivered
DEL-10267,ORD-20267,DRV-128,2026-03-09 21:27:10,,,7.26,20.8,Cancelled
DEL-10268,ORD-20268,DRV-125,2026-03-02 00:30:40,,,17.28,35.05,Cancelled
DEL-10269,ORD-20269,DRV-150,2026-03-16 17:32:49,2026-03-16 18:05:49,2026-03-16 18:38:49,8.23,24.09,Delivered
DEL-10270,ORD-20270,DRV-123,2026-01-06 21:21:17,2026-01-06 21:31:17,2026-01-06 22:19:17,13.94,28.33,Delivered
DEL-10271,ORD-20271,DRV-131,2026-01-08 20:42:43,2026-01-08 21:00:43,2026-01-08 22:09:43,20.86,40.98,Delivered
DEL-10272,ORD-20272,DRV-130,2026-03-11 19:03:34,2026-03-11 19:24:34,,12.81,28.05,Cancelled
DEL-10273,ORD-20273,DRV-142,2026-01-11 22:17:18,2026-01-11 22:30:18,2026-01-11 22:49:18,5.3,17.69,Delivered
DEL-10274,ORD-20274,DRV-135,2026-01-30 04:33:16,2026-01-30 05:03:16,2026-01-30 06:18:16,23.57,42.07,Returned
DEL-10275,ORD-20275,DRV-107,2026-01-09 03:35:46,2026-01-09 04:02:46,2026-01-09 04:30:46,6.61,20.55,Delivered
DEL-10276,ORD-20276,DRV-116,2026-03-28 01:36:09,2026-03-28 01:54:09,2026-03-28 02:48:09,19.48,36.23,Delivered
DEL-10277,ORD-20277,DRV-126,2026-03-07 23:47:26,2026-03-08 00:06:26,2026-03-08 00:41:26,7.11,20.12,Delivered
DEL-10278,ORD-20278,DRV-148,2026-01-09 20:54:26,2026-01-09 21:08:26,2026-01-09 22:15:26,23.45,41.79,Delivered
DEL-10279,ORD-20279,DRV-149,2026-01-21 03:34:34,2026-01-21 03:59:34,2026-01-21 05:37:34,23.36,42.09,Delivered
DEL-10280,ORD-20280,DRV-102,2026-03-26 01:17:03,2026-03-26 01:49:03,,20.94,40.69,Cancelled
DEL-10281,ORD-20281,DRV-101,2026-01-11 03:40:40,2026-01-11 04:11:40,2026-01-11 04:43:40,6.53,22.94,Delivered
DEL-10282,ORD-20282,DRV-148,2026-03-10 01:10:55,2026-03-10 01:36:55,2026-03-10 02:19:55,14.72,30.98,Delivered
DEL-10283,ORD-20283,DRV-112,2026-02-17 04:25:39,2026-02-17 04:52:39,2026-02-17 05:28:39,10.54,26.99,Delivered
DEL-10284,ORD-20284,DRV-105,2026-01-08 20:18:47,2026-01-08 20:29:47,2026-01-08 21:27:47,21.12,37.44,Delivered
DEL-10285,ORD-20285,DRV-137,2026-02-06 22:46:23,2026-02-06 23:17:23,2026-02-07 00:16:23,20.46,35.81,Delivered
DEL-10286,ORD-20286,DRV-132,2026-03-08 23:48:22,,,2.26,14.28,Cancelled
DEL-10287,ORD-20287,DRV-109,2026-02-23 03:56:56,2026-02-23 04:11:56,2026-02-23 04:27:56,2.63,15.1,Delivered
DEL-10288,ORD-20288,DRV-141,2026-03-26 21:02:50,2026-03-26 21:28:50,2026-03-26 21:54:50,2.41,13.97,Delivered
DEL-10289,ORD-20289,DRV-135,2026-02-11 03:22:57,2026-02-11 03:56:57,2026-02-11 04:28:57,8.26,21.95,Delivered
DEL-10290,ORD-20290,DRV-119,2026-02-17 03:38:15,2026-02-17 04:02:15,2026-02-17 05:01:15,18.77,35.43,Delivered
DEL-10291,ORD-20291,DRV-148,2026-02-01 03:31:58,2026-02-01 03:48:58,2026-02-01 04:13:58,7.47,21.93,Delivered
DEL-10292,ORD-20292,DRV-116,2026-03-10 05:46:24,2026-03-10 06:18:24,2026-03-10 06:32:24,4.23,18.09,Delivered
DEL-10293,ORD-20293,DRV-103,2026-03-29 20:14:31,2026-03-29 20:47:31,2026-03-29 21:15:31,3.49,18.38,Delivered
DEL-10294,ORD-20294,DRV-120,2026-02-26 21:58:40,2026-02-26 22:25:40,2026-02-26 22:42:40,5.75,18.91,Delivered
DEL-10295,ORD-20295,DRV-124,2026-03-05 03:47:46,2026-03-05 04:20:46,2026-03-05 04:53:46,11.34,26.92,Delivered
DEL-10296,ORD-20296,DRV-133,2026-01-18 16:42:51,2026-01-18 16:51:51,2026-01-18 17:09:51,4.1,19.11,Delivered
DEL-10297,ORD-20297,DRV-124,2026-03-30 02:18:05,2026-03-30 02:26:05,2026-03-30 03:10:05,13.93,32.25,Delivered
DEL-10298,ORD-20298,DRV-111,2026-01-14 05:34:18,2026-01-14 06:01:18,2026-01-14 06:48:18,10.44,23.71,Delivered
DEL-10299,ORD-20299,DRV-149,2026-01-23 21:21:50,2026-01-23 21:51:50,2026-01-23 22:38:50,12.89,26.47,Delivered
DEL-10300,ORD-20300,DRV-108,2026-03-25 02:51:15,2026-03-25 03:19:15,2026-03-25 03:46:15,4.99,17.17,Delivered
DEL-10301,ORD-20301,DRV-136,2026-01-13 02:32:04,2026-01-13 03:06:04,2026-01-13 03:58:04,18.27,34.86,Delivered
DEL-10302,ORD-20302,DRV-138,2026-01-20 02:58:01,2026-01-20 03:25:01,2026-01-20 04:02:01,5.99,19.39,Returned
DEL-10303,ORD-20303,DRV-140,2026-03-28 20:18:53,2026-03-28 20:35:53,2026-03-28 21:38:53,15.21,33.96,Delivered
DEL-10304,ORD-20304,DRV-120,2026-03-31 22:09:16,2026-03-31 22:25:16,2026-03-31 22:50:16,3.6,17.24,Returned
DEL-10305,ORD-20305,DRV-135,2026-03-25 22:26:48,2026-03-25 22:58:48,2026-03-25 23:36:48,10.46,24.4,Delivered
DEL-10306,ORD-20306,DRV-148,2026-01-25 02:21:25,2026-01-25 02:34:25,2026-01-25 03:19:25,15.26,29.46,Delivered
DEL-10307,ORD-20307,DRV-125,2026-02-24 02:18:19,2026-02-24 02:47:19,2026-02-24 03:17:19,3.35,16.95,Delivered
DEL-10308,ORD-20308,DRV-135,2026-01-28 02:32:31,2026-01-28 02:41:31,2026-01-28 03:36:31,15.41,30.83,Delivered
DEL-10309,ORD-20309,DRV-125,2026-03-24 19:09:52,,,23.21,42.7,Cancelled
DEL-10310,ORD-20310,DRV-129,2026-01-23 02:29:24,2026-01-23 02:43:24,2026-01-23 02:56:24,2.38,16.11,Delivered
DEL-10311,ORD-20311,DRV-118,2026-03-25 05:35:08,2026-03-25 05:58:08,2026-03-25 07:14:08,20.77,36.91,Delivered
DEL-10312,ORD-20312,DRV-146,2026-01-27 22:34:51,2026-01-27 22:56:51,2026-01-28 00:11:51,18.64,37.87,Delivered
DEL-10313,ORD-20313,DRV-118,2026-03-14 22:18:55,2026-03-14 22:43:55,2026-03-14 23:15:55,6.54,20.91,Delivered
DEL-10314,ORD-20314,DRV-102,2026-02-08 20:22:46,2026-02-08 20:54:46,2026-02-08 21:46:46,18.41,33.08,Delivered
DEL-10315,ORD-20315,DRV-135,2026-02-18 04:10:49,2026-02-18 04:35:49,2026-02-18 05:32:49,18.27,35.87,Delivered
DEL-10316,ORD-20316,DRV-116,2026-01-11 04:18:35,2026-01-11 04:35:35,2026-01-11 05:49:35,22.93,41.38,Delivered
DEL-10317,ORD-20317,DRV-141,2026-01-08 18:41:16,2026-01-08 19:05:16,2026-01-08 20:24:16,22.65,41.23,Delivered
DEL-10318,ORD-20318,DRV-136,2026-02-24 04:17:55,2026-02-24 04:32:55,,19.55,36.49,Cancelled
DEL-10319,ORD-20319,DRV-133,2026-02-09 22:59:42,2026-02-09 23:28:42,2026-02-10 00:55:42,23.02,39.1,Delivered
DEL-10320,ORD-20320,DRV-104,2026-02-26 20:21:06,,,2.51,15.59,Cancelled
DEL-10321,ORD-20321,DRV-133,2026-02-25 02:37:49,2026-02-25 02:49:49,2026-02-25 03:39:49,10.72,28.02,Delivered
DEL-10322,ORD-20322,DRV-114,2026-01-22 03:02:44,2026-01-22 03:10:44,2026-01-22 04:16:44,20.46,37.81,Delivered
DEL-10323,ORD-20323,DRV-121,2026-01-27 23:22:24,2026-01-27 23:54:24,2026-01-28 00:42:24,9.52,23.67,Delivered
DEL-10324,ORD-20324,DRV-148,2026-02-02 03:04:35,2026-02-02 03:27:35,2026-02-02 04:28:35,15.93,31.78,Delivered
DEL-10325,ORD-20325,DRV-120,2026-03-02 22:50:44,2026-03-02 23:07:44,2026-03-03 00:05:44,12.92,27.12,Delivered
DEL-10326,ORD-20326,DRV-108,2026-03-28 22:29:56,2026-03-28 22:59:56,2026-03-28 23:20:56,1.51,13.37,Delivered
DEL-10327,ORD-20327,DRV-107,2026-01-23 22:54:39,2026-01-23 23:23:39,2026-01-24 00:40:39,21.31,39.3,Delivered
DEL-10328,ORD-20328,DRV-103,2026-03-22 22:31:41,2026-03-22 22:57:41,2026-03-23 00:00:41,21.74,37.78,Delivered
DEL-10329,ORD-20329,DRV-117,2026-01-28 21:38:54,2026-01-28 22:09:54,2026-01-28 22:46:54,6.88,19.94,Delivered
DEL-10330,ORD-20330,DRV-133,2026-01-09 22:32:18,2026-01-09 22:57:18,2026-01-09 23:56:18,17.02,33.33,Delivered
DEL-10331,ORD-20331,DRV-148,2026-01-02 02:47:46,2026-01-02 03:01:46,2026-01-02 03:23:46,3.89,17.89,Delivered
DEL-10332,ORD-20332,DRV-112,2026-01-17 20:04:25,2026-01-17 20:32:25,2026-01-17 21:59:25,22.07,38.61,Delivered
DEL-10333,ORD-20333,DRV-122,2026-01-18 04:58:02,2026-01-18 05:21:02,2026-01-18 06:05:02,14.26,30.97,Delivered
DEL-10334,ORD-20334,DRV-122,2026-03-15 00:00:28,2026-03-15 00:26:28,2026-03-15 01:26:28,20.34,39.64,Delivered
DEL-10335,ORD-20335,DRV-146,2026-03-19 23:18:01,2026-03-19 23:39:01,2026-03-20 00:18:01,10.63,25.71,Delivered
DEL-10336,ORD-20336,DRV-130,2026-01-19 04:47:01,2026-01-19 05:19:01,2026-01-19 05:46:01,2.76,17.84,Delivered
DEL-10337,ORD-20337,DRV-138,2026-02-27 06:17:01,2026-02-27 06:51:01,2026-02-27 07:25:01,13.16,31.4,Delivered
DEL-10338,ORD-20338,DRV-138,2026-03-24 18:13:39,2026-03-24 18:40:39,2026-03-24 19:04:39,2.8,15.35,Delivered
DEL-10339,ORD-20339,DRV-145,2026-01-30 20:48:08,2026-01-30 21:10:08,2026-01-30 21:20:08,1.32,15.67,Delivered
DEL-10340,ORD-20340,DRV-108,2026-01-08 22:57:36,2026-01-08 23:24:36,2026-01-09 00:02:36,13.34,28.43,Delivered
DEL-10341,ORD-20341,DRV-127,2026-03-25 02:28:58,2026-03-25 02:54:58,,5.16,17.42,Cancelled
DEL-10342,ORD-20342,DRV-127,2026-01-17 03:02:20,2026-01-17 03:31:20,2026-01-17 04:38:20,16.44,35.0,Delivered
DEL-10343,ORD-20343,DRV-134,2026-02-11 22:10:53,2026-02-11 22:30:53,2026-02-11 23:11:53,10.2,25.69,Delivered
DEL-10344,ORD-20344,DRV-121,2026-03-18 02:10:14,2026-03-18 02:36:14,2026-03-18 03:27:14,14.2,30.67,Delivered
DEL-10345,ORD-20345,DRV-130,2026-03-04 03:37:56,2026-03-04 03:45:56,2026-03-04 04:21:56,7.35,23.88,Delivered
DEL-10346,ORD-20346,DRV-133,2026-01-22 02:12:26,2026-01-22 02:34:26,2026-01-22 03:33:26,15.07,30.16,Delivered
DEL-10347,ORD-20347,DRV-128,2026-03-12 03:57:36,2026-03-12 04:09:36,2026-03-12 05:03:36,18.62,34.03,Delivered
DEL-10348,ORD-20348,DRV-147,2026-01-22 04:14:04,2026-01-22 04:46:04,2026-01-22 05:54:04,15.88,34.14,Delivered
DEL-10349,ORD-20349,DRV-133,2026-01-29 22:12:37,2026-01-29 22:25:37,2026-01-29 22:40:37,3.4,17.99,Delivered
DEL-10350,ORD-20350,DRV-105,2026-01-12 21:30:26,2026-01-12 21:40:26,2026-01-12 22:54:26,20.0,39.29,Returned
DEL-10351,ORD-20351,DRV-148,2026-01-13 19:51:10,2026-01-13 20:14:10,2026-01-13 20:47:10,9.6,25.92,Delivered
DEL-10352,ORD-20352,DRV-119,2026-02-07 16:23:49,2026-02-07 16:41:49,2026-02-07 17:23:49,17.65,33.61,Delivered
DEL-10353,ORD-20353,DRV-104,2026-03-21 22:09:18,2026-03-21 22:27:18,2026-03-21 23:28:18,14.74,33.38,Delivered
DEL-10354,ORD-20354,DRV-135,2026-02-13 01:47:18,2026-02-13 01:59:18,2026-02-13 03:11:18,21.43,38.68,Delivered
DEL-10355,ORD-20355,DRV-149,2026-02-20 22:49:03,2026-02-20 23:09:03,,21.26,38.88,Cancelled
DEL-10356,ORD-20356,DRV-117,2026-03-03 02:54:53,2026-03-03 03:06:53,2026-03-03 03:41:53,9.89,27.07,Delivered
DEL-10357,ORD-20357,DRV-144,2026-03-31 02:09:21,2026-03-31 02:31:21,2026-03-31 02:52:21,4.84,19.23,Delivered
DEL-10358,ORD-20358,DRV-128,2026-03-28 01:16:28,2026-03-28 01:24:28,2026-03-28 02:46:28,23.31,39.44,Delivered
DEL-10359,ORD-20359,DRV-130,2026-03-21 03:53:19,2026-03-21 04:13:19,2026-03-21 05:14:19,23.59,42.17,Delivered
DEL-10360,ORD-20360,DRV-129,2026-02-18 21:35:53,2026-02-18 22:04:53,2026-02-18 23:06:53,14.79,31.45,Delivered
DEL-10361,ORD-20361,DRV-146,2026-02-09 20:16:19,2026-02-09 20:30:19,2026-02-09 21:44:19,21.73,41.58,Delivered
DEL-10362,ORD-20362,DRV-106,2026-02-25 20:52:22,2026-02-25 21:19:22,2026-02-25 21:42:22,7.88,23.86,Returned
DEL-10363,ORD-20363,DRV-135,2026-02-26 22:30:52,2026-02-26 23:00:52,2026-02-26 23:11:52,2.65,14.99,Delivered
DEL-10364,ORD-20364,DRV-141,2026-03-06 04:28:18,2026-03-06 05:01:18,2026-03-06 05:41:18,14.06,31.52,Delivered
DEL-10365,ORD-20365,DRV-137,2026-02-19 20:09:31,2026-02-19 20:41:31,2026-02-19 21:10:31,5.1,17.11,Returned
DEL-10366,ORD-20366,DRV-124,2026-02-25 20:10:45,2026-02-25 20:27:45,2026-02-25 21:09:45,15.89,30.96,Delivered
DEL-10367,ORD-20367,DRV-129,2026-02-06 02:31:35,2026-02-06 02:44:35,2026-02-06 03:23:35,6.1,21.67,Delivered
DEL-10368,ORD-20368,DRV-149,2026-03-28 18:30:54,2026-03-28 18:43:54,2026-03-28 19:57:54,17.67,35.17,Delivered
DEL-10369,ORD-20369,DRV-146,2026-01-25 02:47:59,2026-01-25 03:04:59,2026-01-25 03:58:59,12.57,26.12,Delivered
DEL-10370,ORD-20370,DRV-131,2026-02-22 22:08:21,2026-02-22 22:23:21,2026-02-22 23:31:21,18.09,35.48,Delivered
DEL-10371,ORD-20371,DRV-135,2026-01-15 17:54:38,,,14.31,31.71,Cancelled
DEL-10372,ORD-20372,DRV-133,2026-03-26 23:15:08,2026-03-26 23:29:08,2026-03-27 00:02:08,12.68,28.27,Delivered
DEL-10373,ORD-20373,DRV-121,2026-01-16 21:03:58,2026-01-16 21:27:58,2026-01-16 22:38:58,18.97,34.34,Delivered
DEL-10374,ORD-20374,DRV-132,2026-03-25 03:59:25,2026-03-25 04:14:25,2026-03-25 05:23:25,21.46,38.84,Returned
DEL-10375,ORD-20375,DRV-123,2026-03-05 01:27:52,2026-03-05 01:36:52,2026-03-05 02:18:52,7.69,20.71,Delivered
DEL-10376,ORD-20376,DRV-133,2026-02-08 05:07:56,2026-02-08 05:28:56,,19.51,35.65,Cancelled
DEL-10377,ORD-20377,DRV-103,2026-02-19 02:28:04,2026-02-19 02:56:04,2026-02-19 03:24:04,5.28,19.96,Delivered
DEL-10378,ORD-20378,DRV-118,2026-01-23 03:44:41,2026-01-23 04:13:41,2026-01-23 05:05:41,19.67,37.72,Delivered
DEL-10379,ORD-20379,DRV-125,2026-01-15 20:23:57,2026-01-15 20:59:57,,6.72,23.14,Cancelled
DEL-10380,ORD-20380,DRV-142,2026-04-01 03:12:38,2026-04-01 03:42:38,2026-04-01 03:51:38,1.35,15.55,Delivered
DEL-10381,ORD-20381,DRV-131,2026-01-18 02:12:31,2026-01-18 02:30:31,2026-01-18 02:59:31,9.96,25.99,Delivered
DEL-10382,ORD-20382,DRV-103,2026-02-25 02:18:51,2026-02-25 02:46:51,2026-02-25 03:28:51,16.81,33.35,Delivered
DEL-10383,ORD-20383,DRV-140,2026-01-31 00:51:08,2026-01-31 01:00:08,2026-01-31 02:07:08,20.75,36.74,Delivered
DEL-10384,ORD-20384,DRV-146,2026-01-13 02:13:56,2026-01-13 02:21:56,2026-01-13 03:19:56,15.37,30.62,Delivered
DEL-10385,ORD-20385,DRV-124,2026-03-03 17:38:42,2026-03-03 18:06:42,2026-03-03 19:03:42,16.38,31.53,Delivered
DEL-10386,ORD-20386,DRV-150,2026-02-25 21:49:37,2026-02-25 22:05:37,2026-02-25 22:15:37,1.65,16.2,Delivered
DEL-10387,ORD-20387,DRV-132,2026-01-11 21:20:50,2026-01-11 21:54:50,2026-01-11 22:24:50,8.04,20.26,Delivered
DEL-10388,ORD-20388,DRV-147,2026-02-25 21:01:37,2026-02-25 21:34:37,2026-02-25 23:00:37,23.27,43.51,Delivered
DEL-10389,ORD-20389,DRV-122,2026-02-27 22:57:31,2026-02-27 23:23:31,2026-02-28 00:04:31,13.85,29.05,Delivered
DEL-10390,ORD-20390,DRV-123,2026-02-25 22:00:41,,,9.2,25.67,Cancelled
DEL-10391,ORD-20391,DRV-102,2026-03-21 22:37:43,2026-03-21 23:08:43,2026-03-21 23:37:43,5.04,17.5,Delivered
DEL-10392,ORD-20392,DRV-127,2026-01-26 04:02:57,2026-01-26 04:19:57,,1.32,11.95,Cancelled
DEL-10393,ORD-20393,DRV-142,2026-01-10 20:23:04,2026-01-10 20:33:04,2026-01-10 20:50:04,3.87,19.55,Delivered
DEL-10394,ORD-20394,DRV-102,2026-02-13 22:33:22,,,21.81,41.74,Cancelled
DEL-10395,ORD-20395,DRV-126,2026-02-24 19:53:24,2026-02-24 20:20:24,2026-02-24 21:29:24,18.2,37.45,Delivered
DEL-10396,ORD-20396,DRV-117,2026-03-27 03:32:51,2026-03-27 03:59:51,2026-03-27 04:36:51,7.91,22.35,Delivered
DEL-10397,ORD-20397,DRV-140,2026-01-22 01:57:04,2026-01-22 02:27:04,2026-01-22 03:01:04,9.47,22.06,Delivered
DEL-10398,ORD-20398,DRV-133,2026-01-22 03:21:39,2026-01-22 03:53:39,2026-01-22 05:01:39,16.51,35.13,Delivered
DEL-10399,ORD-20399,DRV-109,2026-03-17 03:04:57,2026-03-17 03:24:57,2026-03-17 04:15:57,14.64,30.62,Delivered
DEL-10400,ORD-20400,DRV-143,2026-03-15 04:01:00,2026-03-15 04:20:00,2026-03-15 05:11:00,17.5,34.96,Delivered
DEL-10401,ORD-20401,DRV-148,2026-03-19 01:53:27,2026-03-19 02:21:27,2026-03-19 03:23:27,24.12,41.45,Returned
DEL-10402,ORD-20402,DRV-139,2026-01-31 17:11:00,2026-01-31 17:19:00,2026-01-31 17:59:00,11.87,25.97,Delivered
DEL-10403,ORD-20403,DRV-129,2026-02-24 04:14:16,2026-02-24 04:36:16,2026-02-24 04:52:16,2.98,18.2,Delivered
DEL-10404,ORD-20404,DRV-142,2026-03-31 20:37:16,2026-03-31 20:58:16,2026-03-31 21:39:16,9.55,26.5,Delivered
DEL-10405,ORD-20405,DRV-126,2026-01-16 03:26:12,,,11.9,26.39,Cancelled
DEL-10406,ORD-20406,DRV-135,2026-03-27 18:22:24,2026-03-27 18:35:24,2026-03-27 19:15:24,15.22,33.71,Delivered
DEL-10407,ORD-20407,DRV-150,2026-01-18 21:56:13,2026-01-18 22:18:13,2026-01-18 23:33:13,20.89,37.23,Delivered
DEL-10408,ORD-20408,DRV-125,2026-02-04 18:18:19,2026-02-04 18:33:19,2026-02-04 19:24:19,14.03,29.55,Delivered
DEL-10409,ORD-20409,DRV-124,2026-01-18 04:49:00,2026-01-18 05:10:00,2026-01-18 05:56:00,11.55,28.19,Delivered
DEL-10410,ORD-20410,DRV-113,2026-03-10 00:15:27,2026-03-10 00:35:27,2026-03-10 01:50:27,22.34,38.71,Delivered
DEL-10411,ORD-20411,DRV-107,2026-01-08 23:42:30,2026-01-09 00:10:30,,23.52,40.5,Cancelled
DEL-10412,ORD-20412,DRV-136,2026-02-26 21:29:09,2026-02-26 21:43:09,2026-02-26 22:24:09,8.54,20.89,Delivered
DEL-10413,ORD-20413,DRV-145,2026-02-15 02:29:05,2026-02-15 02:59:05,2026-02-15 04:16:05,23.18,40.16,Delivered
DEL-10414,ORD-20414,DRV-120,2026-01-18 20:57:31,2026-01-18 21:28:31,2026-01-18 21:50:31,7.59,24.0,Delivered
DEL-10415,ORD-20415,DRV-101,2026-01-12 02:31:03,2026-01-12 03:00:03,2026-01-12 03:35:03,8.76,22.12,Delivered
DEL-10416,ORD-20416,DRV-108,2026-01-22 19:21:47,2026-01-22 19:37:47,2026-01-22 20:33:47,15.63,31.81,Delivered
DEL-10417,ORD-20417,DRV-146,2026-01-15 02:48:58,2026-01-15 03:10:58,2026-01-15 04:18:58,23.07,39.74,Delivered
DEL-10418,ORD-20418,DRV-116,2026-03-28 22:27:33,2026-03-28 22:48:33,2026-03-28 23:21:33,5.18,18.57,Delivered
DEL-10419,ORD-20419,DRV-114,2026-02-27 21:40:24,2026-02-27 21:50:24,2026-02-27 22:38:24,16.62,33.79,Delivered
DEL-10420,ORD-20420,DRV-112,2026-01-22 05:06:54,2026-01-22 05:38:54,2026-01-22 06:07:54,7.36,20.6,Delivered
DEL-10421,ORD-20421,DRV-123,2026-03-16 22:50:17,2026-03-16 23:10:17,,21.19,40.14,Cancelled
DEL-10422,ORD-20422,DRV-115,2026-02-16 20:41:11,2026-02-16 21:14:11,2026-02-16 21:52:11,9.68,24.93,Delivered
DEL-10423,ORD-20423,DRV-128,2026-03-20 21:06:46,2026-03-20 21:26:46,2026-03-20 22:13:46,13.16,27.42,Delivered
DEL-10424,ORD-20424,DRV-134,2026-03-04 20:55:35,2026-03-04 21:24:35,2026-03-04 22:30:35,20.24,39.95,Delivered
DEL-10425,ORD-20425,DRV-102,2026-01-30 21:13:09,2026-01-30 21:23:09,2026-01-30 22:27:09,16.64,35.15,Delivered
DEL-10426,ORD-20426,DRV-132,2026-02-16 00:12:41,2026-02-16 00:46:41,,6.06,19.06,Cancelled
DEL-10427,ORD-20427,DRV-123,2026-03-11 21:01:21,2026-03-11 21:21:21,2026-03-11 21:37:21,4.13,16.02,Delivered
DEL-10428,ORD-20428,DRV-122,2026-01-13 20:53:28,2026-01-13 21:09:28,2026-01-13 21:37:28,9.23,23.22,Delivered
DEL-10429,ORD-20429,DRV-125,2026-02-07 20:46:14,2026-02-07 21:11:14,2026-02-07 22:04:14,20.45,38.93,Delivered
DEL-10430,ORD-20430,DRV-122,2026-03-16 21:57:03,2026-03-16 22:14:03,2026-03-16 22:42:03,7.51,19.79,Returned
DEL-10431,ORD-20431,DRV-122,2026-01-19 20:30:34,2026-01-19 20:58:34,2026-01-19 21:59:34,14.66,32.66,Delivered
DEL-10432,ORD-20432,DRV-149,2026-01-10 22:59:23,2026-01-10 23:27:23,2026-01-11 00:16:23,14.35,32.19,Delivered
DEL-10433,ORD-20433,DRV-142,2026-01-01 19:20:03,2026-01-01 19:44:03,2026-01-01 20:50:03,15.25,31.68,Delivered
DEL-10434,ORD-20434,DRV-106,2026-03-07 02:52:41,2026-03-07 03:18:41,2026-03-07 04:12:41,19.64,37.56,Delivered
DEL-10435,ORD-20435,DRV-115,2026-02-20 02:44:02,2026-02-20 02:53:02,2026-02-20 03:26:02,8.76,24.33,Delivered
DEL-10436,ORD-20436,DRV-143,2026-03-01 16:19:37,2026-03-01 16:36:37,2026-03-01 17:03:37,4.54,15.77,Delivered
DEL-10437,ORD-20437,DRV-137,2026-02-11 20:53:15,2026-02-11 21:27:15,2026-02-11 21:52:15,6.15,18.3,Delivered
DEL-10438,ORD-20438,DRV-133,2026-02-01 23:01:11,2026-02-01 23:33:11,2026-02-02 00:02:11,8.93,23.49,Delivered
DEL-10439,ORD-20439,DRV-108,2026-02-09 02:00:50,2026-02-09 02:32:50,2026-02-09 03:37:50,13.97,28.34,Delivered
DEL-10440,ORD-20440,DRV-144,2026-01-16 04:27:19,2026-01-16 04:48:19,2026-01-16 05:46:19,14.34,30.43,Delivered
DEL-10441,ORD-20441,DRV-144,2026-01-15 03:57:11,2026-01-15 04:26:11,2026-01-15 04:56:11,4.71,20.15,Returned
DEL-10442,ORD-20442,DRV-105,2026-02-26 03:32:44,2026-02-26 03:52:44,2026-02-26 04:48:44,17.04,36.03,Delivered
DEL-10443,ORD-20443,DRV-139,2026-03-11 02:39:50,2026-03-11 03:02:50,2026-03-11 04:03:50,15.03,28.87,Delivered
DEL-10444,ORD-20444,DRV-104,2026-01-14 19:45:31,2026-01-14 20:04:31,2026-01-14 21:20:31,20.15,39.81,Delivered
DEL-10445,ORD-20445,DRV-106,2026-01-27 22:39:58,2026-01-27 22:49:58,2026-01-27 23:16:58,8.16,24.66,Delivered
DEL-10446,ORD-20446,DRV-145,2026-02-23 18:31:39,2026-02-23 19:05:39,,22.04,41.67,Cancelled
DEL-10447,ORD-20447,DRV-132,2026-01-23 02:04:59,2026-01-23 02:23:59,2026-01-23 02:51:59,6.46,20.02,Delivered
DEL-10448,ORD-20448,DRV-130,2026-02-09 06:23:10,2026-02-09 06:44:10,2026-02-09 07:39:10,13.59,31.36,Returned
DEL-10449,ORD-20449,DRV-147,2026-02-27 23:00:16,2026-02-27 23:23:16,2026-02-27 23:57:16,12.59,30.04,Delivered
DEL-10450,ORD-20450,DRV-135,2026-03-01 19:26:43,2026-03-01 19:37:43,2026-03-01 20:29:43,17.36,35.2,Delivered
DEL-10451,ORD-20451,DRV-140,2026-02-15 03:12:59,2026-02-15 03:32:59,2026-02-15 04:41:59,19.08,35.39,Delivered
DEL-10452,ORD-20452,DRV-116,2026-03-13 19:41:25,2026-03-13 19:57:25,2026-03-13 20:11:25,3.72,17.04,Delivered
DEL-10453,ORD-20453,DRV-113,2026-02-09 06:14:30,2026-02-09 06:32:30,2026-02-09 06:52:30,2.75,13.68,Delivered
DEL-10454,ORD-20454,DRV-150,2026-01-20 02:45:51,2026-01-20 03:21:51,,8.37,23.53,Cancelled
DEL-10455,ORD-20455,DRV-142,2026-02-22 03:55:06,2026-02-22 04:28:06,2026-02-22 05:34:06,16.13,32.49,Delivered
DEL-10456,ORD-20456,DRV-130,2026-02-13 05:36:45,2026-02-13 06:05:45,2026-02-13 06:57:45,18.26,37.45,Returned
DEL-10457,ORD-20457,DRV-119,2026-01-04 22:48:06,,,11.78,26.79,Cancelled
DEL-10458,ORD-20458,DRV-117,2026-01-23 21:42:46,2026-01-23 21:50:46,2026-01-23 22:33:46,9.25,25.64,Delivered
DEL-10459,ORD-20459,DRV-119,2026-02-05 02:16:02,2026-02-05 02:38:02,2026-02-05 03:22:02,11.73,26.44,Delivered
DEL-10460,ORD-20460,DRV-128,2026-02-20 16:58:46,2026-02-20 17:28:46,2026-02-20 18:19:46,15.56,31.74,Delivered
DEL-10461,ORD-20461,DRV-126,2026-01-22 19:48:40,2026-01-22 20:13:40,2026-01-22 20:35:40,5.41,18.07,Delivered
DEL-10462,ORD-20462,DRV-137,2026-02-02 19:52:59,2026-02-02 20:25:59,2026-02-02 20:47:59,4.99,19.91,Delivered
DEL-10463,ORD-20463,DRV-126,2026-02-20 04:34:07,2026-02-20 05:08:07,2026-02-20 05:53:07,9.25,25.58,Delivered
DEL-10464,ORD-20464,DRV-123,2026-01-18 20:28:15,2026-01-18 20:40:15,2026-01-18 21:28:15,14.21,32.11,Delivered
DEL-10465,ORD-20465,DRV-109,2026-03-31 22:40:03,2026-03-31 22:59:03,2026-03-31 23:24:03,5.88,18.93,Delivered
DEL-10466,ORD-20466,DRV-112,2026-03-31 21:06:00,2026-03-31 21:19:00,2026-03-31 21:57:00,8.73,25.85,Delivered
DEL-10467,ORD-20467,DRV-101,2026-01-24 22:36:17,2026-01-24 22:44:17,2026-01-24 23:32:17,14.73,33.09,Delivered
DEL-10468,ORD-20468,DRV-101,2026-01-27 21:53:20,2026-01-27 22:21:20,2026-01-27 22:32:20,1.5,13.01,Delivered
DEL-10469,ORD-20469,DRV-147,2026-02-13 17:02:06,2026-02-13 17:10:06,2026-02-13 18:41:06,22.23,39.7,Delivered
DEL-10470,ORD-20470,DRV-134,2026-01-12 03:17:03,2026-01-12 03:36:03,2026-01-12 04:22:03,9.43,25.79,Delivered
DEL-10471,ORD-20471,DRV-132,2026-01-25 22:20:54,2026-01-25 22:46:54,2026-01-25 23:19:54,6.96,23.03,Delivered
DEL-10472,ORD-20472,DRV-148,2026-02-27 20:31:04,2026-02-27 20:48:04,2026-02-27 21:45:04,15.28,32.92,Delivered
DEL-10473,ORD-20473,DRV-125,2026-01-16 02:58:46,2026-01-16 03:08:46,2026-01-16 03:36:46,4.53,19.37,Delivered
DEL-10474,ORD-20474,DRV-140,2026-02-07 23:18:02,2026-02-07 23:29:02,2026-02-07 23:56:02,10.12,26.85,Delivered
DEL-10475,ORD-20475,DRV-145,2026-02-15 00:15:12,2026-02-15 00:43:12,2026-02-15 01:52:12,24.37,41.47,Delivered
DEL-10476,ORD-20476,DRV-101,2026-03-12 17:40:21,2026-03-12 17:58:21,2026-03-12 18:49:21,13.81,30.49,Delivered
DEL-10477,ORD-20477,DRV-116,2026-02-25 22:49:11,2026-02-25 23:10:11,2026-02-26 00:20:11,24.13,44.14,Delivered
DEL-10478,ORD-20478,DRV-139,2026-01-24 06:46:04,2026-01-24 07:07:04,2026-01-24 08:18:04,23.31,39.85,Delivered
DEL-10479,ORD-20479,DRV-105,2026-03-01 20:27:50,2026-03-01 20:54:50,2026-03-01 21:27:50,8.92,24.98,Delivered
DEL-10480,ORD-20480,DRV-122,2026-02-16 06:47:02,2026-02-16 07:01:02,2026-02-16 08:19:02,23.75,42.44,Returned
DEL-10481,ORD-20481,DRV-129,2026-03-10 18:53:17,2026-03-10 19:18:17,2026-03-10 20:23:17,19.78,38.11,Delivered
DEL-10482,ORD-20482,DRV-103,2026-03-18 21:56:54,2026-03-18 22:17:54,2026-03-18 23:40:54,19.43,39.25,Delivered
DEL-10483,ORD-20483,DRV-112,2026-02-13 23:00:50,2026-02-13 23:26:50,2026-02-14 00:23:50,18.43,36.1,Delivered
DEL-10484,ORD-20484,DRV-126,2026-03-02 01:18:27,2026-03-02 01:51:27,2026-03-02 03:16:27,19.94,39.26,Delivered
DEL-10485,ORD-20485,DRV-116,2026-02-10 00:12:22,2026-02-10 00:22:22,2026-02-10 01:17:22,14.45,28.36,Delivered
DEL-10486,ORD-20486,DRV-137,2026-03-13 20:54:21,2026-03-13 21:02:21,2026-03-13 22:03:21,21.69,41.65,Returned
DEL-10487,ORD-20487,DRV-122,2026-03-06 03:42:22,2026-03-06 04:04:22,2026-03-06 04:50:22,14.92,33.34,Delivered
DEL-10488,ORD-20488,DRV-129,2026-01-23 21:43:17,2026-01-23 21:57:17,2026-01-23 22:13:17,2.81,17.65,Delivered
DEL-10489,ORD-20489,DRV-114,2026-01-06 21:52:44,2026-01-06 22:12:44,2026-01-06 22:52:44,10.81,24.49,Delivered
DEL-10490,ORD-20490,DRV-128,2026-01-20 20:52:27,2026-01-20 21:17:27,2026-01-20 22:11:27,15.16,31.52,Delivered
DEL-10491,ORD-20491,DRV-105,2026-02-07 18:10:13,2026-02-07 18:18:13,2026-02-07 18:31:13,3.64,15.19,Delivered
DEL-10492,ORD-20492,DRV-147,2026-03-06 00:23:44,2026-03-06 00:47:44,2026-03-06 01:25:44,7.11,22.1,Delivered
DEL-10493,ORD-20493,DRV-149,2026-03-30 21:28:18,2026-03-30 21:44:18,2026-03-30 22:48:18,20.04,38.11,Delivered
DEL-10494,ORD-20494,DRV-130,2026-02-03 20:39:54,2026-02-03 21:07:54,2026-02-03 21:46:54,10.16,24.88,Delivered
DEL-10495,ORD-20495,DRV-146,2026-02-17 20:30:41,2026-02-17 21:01:41,2026-02-17 22:03:41,19.2,37.57,Delivered
DEL-10496,ORD-20496,DRV-105,2026-01-15 21:39:08,2026-01-15 22:01:08,2026-01-15 22:27:08,8.4,21.97,Delivered
DEL-10497,ORD-20497,DRV-112,2026-03-10 22:19:14,2026-03-10 22:38:14,,16.65,34.21,Cancelled
DEL-10498,ORD-20498,DRV-116,2026-03-02 21:07:02,,,2.35,14.09,Cancelled
DEL-10499,ORD-20499,DRV-126,2026-02-12 04:55:12,2026-02-12 05:22:12,2026-02-12 06:18:12,16.93,32.36,Delivered
DEL-10500,ORD-20500,DRV-126,2026-02-26 05:38:39,2026-02-26 06:11:39,2026-02-26 07:25:39,19.93,35.33,Delivered
DEL-10501,ORD-20501,DRV-148,2026-03-30 20:19:43,2026-03-30 20:52:43,2026-03-30 21:13:43,2.47,14.0,Returned
DEL-10502,ORD-20502,DRV-121,2026-03-11 21:34:17,2026-03-11 22:03:17,2026-03-11 22:25:17,6.01,19.08,Delivered
DEL-10503,ORD-20503,DRV-139,2026-03-04 03:23:40,2026-03-04 03:49:40,,9.83,26.04,Cancelled
DEL-10504,ORD-20504,DRV-136,2026-03-25 05:06:29,2026-03-25 05:21:29,2026-03-25 05:56:29,9.1,21.69,Delivered
DEL-10505,ORD-20505,DRV-133,2026-03-22 03:41:16,2026-03-22 03:50:16,2026-03-22 04:19:16,8.25,24.61,Delivered
DEL-10506,ORD-20506,DRV-130,2026-01-24 18:05:28,2026-01-24 18:23:28,2026-01-24 18:54:28,8.85,21.33,Delivered
DEL-10507,ORD-20507,DRV-137,2026-01-29 03:37:13,2026-01-29 03:51:13,2026-01-29 04:39:13,11.58,24.9,Delivered
DEL-10508,ORD-20508,DRV-123,2026-02-21 05:31:21,2026-02-21 05:46:21,2026-02-21 06:57:21,21.2,37.16,Delivered
DEL-10509,ORD-20509,DRV-110,2026-02-05 04:53:44,2026-02-05 05:06:44,2026-02-05 05:22:44,2.45,16.65,Delivered
DEL-10510,ORD-20510,DRV-105,2026-02-11 03:41:52,2026-02-11 04:15:52,2026-02-11 05:08:52,16.02,32.03,Delivered
DEL-10511,ORD-20511,DRV-136,2026-02-18 03:31:02,2026-02-18 03:54:02,2026-02-18 05:06:02,17.73,32.69,Delivered
DEL-10512,ORD-20512,DRV-134,2026-01-17 21:51:22,2026-01-17 22:13:22,2026-01-17 23:25:22,15.46,30.86,Delivered
DEL-10513,ORD-20513,DRV-131,2026-02-20 02:07:14,2026-02-20 02:38:14,2026-02-20 03:19:14,7.0,23.46,Delivered
DEL-10514,ORD-20514,DRV-110,2026-02-02 07:51:48,2026-02-02 08:12:48,2026-02-02 08:34:48,6.36,18.23,Delivered
DEL-10515,ORD-20515,DRV-119,2026-03-23 22:28:54,2026-03-23 22:43:54,2026-03-23 23:22:54,12.98,28.76,Delivered
DEL-10516,ORD-20516,DRV-132,2026-03-22 22:24:55,2026-03-22 22:53:55,2026-03-22 23:30:55,13.55,29.28,Delivered
DEL-10517,ORD-20517,DRV-101,2026-02-12 22:57:54,2026-02-12 23:10:54,2026-02-13 00:09:54,18.72,35.96,Delivered
DEL-10518,ORD-20518,DRV-105,2026-03-10 20:15:50,2026-03-10 20:47:50,2026-03-10 21:07:50,2.48,14.12,Delivered
DEL-10519,ORD-20519,DRV-145,2026-03-28 03:21:33,2026-03-28 03:46:33,2026-03-28 04:20:33,5.11,16.99,Delivered
DEL-10520,ORD-20520,DRV-104,2026-01-01 19:03:17,2026-01-01 19:20:17,2026-01-01 19:34:17,2.9,17.35,Delivered
DEL-10521,ORD-20521,DRV-116,2026-03-02 07:15:33,2026-03-02 07:35:33,2026-03-02 07:50:33,2.45,14.01,Delivered
DEL-10522,ORD-20522,DRV-124,2026-03-19 03:42:38,2026-03-19 04:11:38,2026-03-19 05:05:38,20.19,39.62,Delivered
DEL-10523,ORD-20523,DRV-116,2026-02-27 17:06:55,2026-02-27 17:39:55,2026-02-27 18:21:55,8.67,23.65,Delivered
DEL-10524,ORD-20524,DRV-102,2026-02-19 04:42:28,2026-02-19 05:01:28,2026-02-19 06:13:28,17.66,33.8,Delivered
DEL-10525,ORD-20525,DRV-149,2026-02-20 16:19:23,,,2.8,18.46,Cancelled
DEL-10526,ORD-20526,DRV-128,2026-02-16 20:21:56,2026-02-16 20:50:56,2026-02-16 21:35:56,7.99,22.07,Delivered
DEL-10527,ORD-20527,DRV-132,2026-01-30 03:41:33,2026-01-30 04:14:33,2026-01-30 05:22:33,20.77,37.66,Delivered
DEL-10528,ORD-20528,DRV-127,2026-03-28 20:45:55,2026-03-28 21:04:55,2026-03-28 21:18:55,4.05,18.24,Delivered
DEL-10529,ORD-20529,DRV-120,2026-01-02 03:28:05,2026-01-02 03:56:05,2026-01-02 04:17:05,3.01,18.54,Delivered
DEL-10530,ORD-20530,DRV-124,2026-03-02 23:25:15,2026-03-02 23:49:15,2026-03-03 00:12:15,3.89,19.04,Delivered
DEL-10531,ORD-20531,DRV-112,2026-01-07 20:06:43,2026-01-07 20:27:43,2026-01-07 20:55:43,7.93,21.8,Delivered
DEL-10532,ORD-20532,DRV-150,2026-01-02 20:16:36,2026-01-02 20:24:36,2026-01-02 21:18:36,20.53,38.94,Delivered
DEL-10533,ORD-20533,DRV-135,2026-02-27 18:17:05,2026-02-27 18:31:05,2026-02-27 19:11:05,10.83,23.74,Delivered
DEL-10534,ORD-20534,DRV-133,2026-01-27 03:35:44,2026-01-27 03:44:44,2026-01-27 04:55:44,21.07,36.92,Delivered
DEL-10535,ORD-20535,DRV-133,2026-03-22 06:54:15,2026-03-22 07:24:15,2026-03-22 08:25:15,19.26,35.79,Delivered
DEL-10536,ORD-20536,DRV-143,2026-02-11 00:06:02,2026-02-11 00:44:02,,20.44,39.03,Cancelled
DEL-10537,ORD-20537,DRV-137,2026-01-15 02:05:38,2026-01-15 02:33:38,2026-01-15 03:18:38,15.63,33.66,Delivered
DEL-10538,ORD-20538,DRV-112,2026-03-16 05:46:41,2026-03-16 06:08:41,2026-03-16 07:09:41,14.35,32.6,Delivered
DEL-10539,ORD-20539,DRV-103,2026-03-22 20:58:49,2026-03-22 21:18:49,2026-03-22 21:59:49,12.21,27.15,Delivered
DEL-10540,ORD-20540,DRV-101,2026-03-01 16:25:32,2026-03-01 16:53:32,2026-03-01 18:04:32,21.09,39.99,Delivered
DEL-10541,ORD-20541,DRV-133,2026-03-29 19:55:32,2026-03-29 20:27:32,2026-03-29 20:46:32,3.29,18.67,Delivered
DEL-10542,ORD-20542,DRV-140,2026-01-09 21:16:52,2026-01-09 21:44:52,2026-01-09 22:35:52,14.49,31.02,Delivered
DEL-10543,ORD-20543,DRV-110,2026-01-30 00:44:16,,,5.75,18.02,Cancelled
DEL-10544,ORD-20544,DRV-143,2026-03-15 04:28:30,2026-03-15 04:50:30,2026-03-15 05:07:30,1.29,14.12,Delivered
DEL-10545,ORD-20545,DRV-144,2026-03-18 20:14:27,,,6.49,21.83,Cancelled
DEL-10546,ORD-20546,DRV-129,2026-01-26 20:48:17,2026-01-26 21:09:17,,20.52,36.6,Cancelled
DEL-10547,ORD-20547,DRV-113,2026-02-02 22:55:02,2026-02-02 23:22:02,2026-02-03 00:08:02,11.31,28.38,Delivered
DEL-10548,ORD-20548,DRV-112,2026-01-07 21:35:15,2026-01-07 22:07:15,2026-01-07 22:26:15,2.16,16.42,Delivered
DEL-10549,ORD-20549,DRV-131,2026-03-14 03:27:05,2026-03-14 03:45:05,2026-03-14 04:37:05,15.99,30.92,Delivered
DEL-10550,ORD-20550,DRV-146,2026-03-12 23:56:44,2026-03-13 00:29:44,2026-03-13 01:21:44,10.07,23.12,Delivered
DEL-10551,ORD-20551,DRV-102,2026-01-30 21:25:43,2026-01-30 21:44:43,2026-01-30 22:29:43,13.68,30.19,Delivered
DEL-10552,ORD-20552,DRV-150,2026-02-17 16:01:41,2026-02-17 16:24:41,2026-02-17 17:39:41,23.97,41.17,Delivered
DEL-10553,ORD-20553,DRV-135,2026-01-21 02:02:54,2026-01-21 02:25:54,2026-01-21 03:25:54,18.24,36.65,Returned
DEL-10554,ORD-20554,DRV-123,2026-01-06 23:35:21,2026-01-07 00:03:21,2026-01-07 00:23:21,3.72,18.86,Delivered
DEL-10555,ORD-20555,DRV-117,2026-02-18 01:19:26,2026-02-18 01:31:26,2026-02-18 02:25:26,21.04,36.72,Delivered
DEL-10556,ORD-20556,DRV-126,2026-03-11 02:36:08,2026-03-11 03:04:08,2026-03-11 04:06:08,16.0,30.98,Delivered
DEL-10557,ORD-20557,DRV-108,2026-01-12 02:41:23,2026-01-12 02:58:23,2026-01-12 04:16:23,18.41,34.54,Delivered
DEL-10558,ORD-20558,DRV-129,2026-02-03 17:57:16,2026-02-03 18:16:16,2026-02-03 18:38:16,4.03,16.55,Delivered
DEL-10559,ORD-20559,DRV-126,2026-01-14 02:20:21,2026-01-14 02:39:21,2026-01-14 03:54:21,22.13,40.58,Delivered
DEL-10560,ORD-20560,DRV-110,2026-01-06 20:50:10,2026-01-06 21:05:10,2026-01-06 21:59:10,15.72,32.66,Delivered
DEL-10561,ORD-20561,DRV-126,2026-02-23 02:20:19,2026-02-23 02:41:19,2026-02-23 03:10:19,7.2,22.87,Delivered
DEL-10562,ORD-20562,DRV-134,2026-03-27 03:43:49,2026-03-27 03:59:49,2026-03-27 04:16:49,2.82,17.99,Delivered
DEL-10563,ORD-20563,DRV-141,2026-02-07 17:43:21,2026-02-07 18:07:21,2026-02-07 18:43:21,9.04,25.9,Delivered
DEL-10564,ORD-20564,DRV-107,2026-01-24 21:55:07,2026-01-24 22:09:07,2026-01-24 22:48:07,9.06,22.22,Delivered
DEL-10565,ORD-20565,DRV-104,2026-01-18 18:56:51,2026-01-18 19:17:51,2026-01-18 20:38:51,20.71,37.09,Delivered
DEL-10566,ORD-20566,DRV-150,2026-02-02 06:24:10,2026-02-02 06:54:10,2026-02-02 07:47:10,19.65,36.57,Delivered
DEL-10567,ORD-20567,DRV-145,2026-02-03 03:17:46,2026-02-03 03:42:46,2026-02-03 04:15:46,11.03,23.99,Delivered
DEL-10568,ORD-20568,DRV-111,2026-03-30 02:29:43,2026-03-30 02:38:43,2026-03-30 03:08:43,6.59,20.26,Returned
DEL-10569,ORD-20569,DRV-129,2026-02-03 01:39:24,2026-02-03 02:05:24,2026-02-03 02:38:24,7.85,22.97,Delivered
DEL-10570,ORD-20570,DRV-136,2026-02-23 20:11:23,2026-02-23 20:34:23,2026-02-23 21:23:23,10.97,24.28,Delivered
DEL-10571,ORD-20571,DRV-125,2026-02-23 20:28:02,2026-02-23 20:47:02,2026-02-23 22:13:02,21.05,39.11,Delivered
DEL-10572,ORD-20572,DRV-121,2026-01-29 00:36:21,2026-01-29 01:09:21,2026-01-29 02:09:21,17.39,31.79,Delivered
DEL-10573,ORD-20573,DRV-136,2026-02-10 03:08:31,2026-02-10 03:35:31,2026-02-10 03:58:31,4.94,18.86,Delivered
DEL-10574,ORD-20574,DRV-110,2026-02-20 03:55:06,2026-02-20 04:18:06,2026-02-20 05:10:06,18.92,37.03,Delivered
DEL-10575,ORD-20575,DRV-137,2026-03-06 20:43:25,2026-03-06 21:03:25,2026-03-06 22:09:25,23.2,43.98,Delivered
DEL-10576,ORD-20576,DRV-109,2026-02-09 20:58:15,2026-02-09 21:26:15,2026-02-09 22:04:15,9.17,26.39,Delivered
DEL-10577,ORD-20577,DRV-124,2026-01-12 21:47:32,,,3.22,16.72,Cancelled
DEL-10578,ORD-20578,DRV-135,2026-02-25 19:33:45,2026-02-25 20:06:45,2026-02-25 20:34:45,5.56,19.18,Delivered
DEL-10579,ORD-20579,DRV-149,2026-02-07 21:32:06,,,17.53,35.74,Cancelled
DEL-10580,ORD-20580,DRV-135,2026-01-16 03:04:28,2026-01-16 03:15:28,2026-01-16 04:01:28,10.22,24.19,Delivered
DEL-10581,ORD-20581,DRV-148,2026-02-06 06:11:33,2026-02-06 06:36:33,2026-02-06 07:55:33,19.88,37.02,Delivered
DEL-10582,ORD-20582,DRV-136,2026-03-05 02:33:40,2026-03-05 02:58:40,2026-03-05 03:58:40,15.02,31.22,Delivered
DEL-10583,ORD-20583,DRV-118,2026-03-21 17:04:33,2026-03-21 17:27:33,2026-03-21 18:21:33,12.25,26.15,Delivered
DEL-10584,ORD-20584,DRV-149,2026-02-05 01:53:38,2026-02-05 02:04:38,2026-02-05 02:21:38,1.59,13.68,Delivered
DEL-10585,ORD-20585,DRV-139,2026-03-09 23:01:48,2026-03-09 23:23:48,2026-03-10 00:30:48,17.32,34.96,Delivered
DEL-10586,ORD-20586,DRV-132,2026-02-12 23:23:48,2026-02-12 23:45:48,2026-02-13 00:50:48,17.91,35.3,Delivered
DEL-10587,ORD-20587,DRV-124,2026-01-31 05:21:48,2026-01-31 05:45:48,2026-01-31 06:00:48,3.14,18.24,Delivered
DEL-10588,ORD-20588,DRV-123,2026-02-26 02:43:30,2026-02-26 03:13:30,2026-02-26 03:43:30,6.34,18.72,Delivered
DEL-10589,ORD-20589,DRV-132,2026-01-21 21:49:36,2026-01-21 22:00:36,2026-01-21 22:59:36,21.19,38.01,Delivered
DEL-10590,ORD-20590,DRV-137,2026-01-19 23:06:56,,,5.07,18.0,Cancelled
DEL-10591,ORD-20591,DRV-112,2026-01-10 22:40:12,2026-01-10 23:14:12,2026-01-10 23:29:12,2.42,15.28,Delivered
DEL-10592,ORD-20592,DRV-149,2026-01-21 18:27:48,2026-01-21 18:43:48,2026-01-21 19:13:48,7.77,20.63,Delivered
DEL-10593,ORD-20593,DRV-113,2026-02-26 20:51:39,2026-02-26 20:59:39,2026-02-26 21:35:39,11.18,24.11,Delivered
DEL-10594,ORD-20594,DRV-123,2026-03-03 22:48:35,2026-03-03 23:23:35,,12.31,27.33,Cancelled
DEL-10595,ORD-20595,DRV-125,2026-01-22 05:15:55,2026-01-22 05:47:55,2026-01-22 07:17:55,22.89,38.87,Delivered
DEL-10596,ORD-20596,DRV-135,2026-01-22 01:05:56,2026-01-22 01:15:56,2026-01-22 01:46:56,7.7,21.65,Returned
DEL-10597,ORD-20597,DRV-141,2026-02-09 20:44:37,2026-02-09 20:53:37,2026-02-09 21:10:37,2.69,13.73,Delivered
DEL-10598,ORD-20598,DRV-130,2026-03-28 22:52:12,2026-03-28 23:18:12,2026-03-29 00:00:12,9.29,25.58,Delivered
DEL-10599,ORD-20599,DRV-117,2026-03-05 02:58:19,2026-03-05 03:09:19,2026-03-05 04:19:19,19.57,34.58,Delivered
DEL-10600,ORD-20600,DRV-149,2026-02-09 04:53:58,2026-02-09 05:04:58,2026-02-09 05:36:58,6.72,22.81,Delivered
DEL-10601,ORD-20601,DRV-120,2026-01-30 23:23:28,2026-01-30 23:48:28,2026-01-31 00:08:28,6.5,20.84,Delivered
DEL-10602,ORD-20602,DRV-148,2026-01-12 19:29:23,,,20.24,35.37,Cancelled
DEL-10603,ORD-20603,DRV-125,2026-01-10 03:23:59,2026-01-10 03:42:59,2026-01-10 04:51:59,19.7,37.51,Delivered
DEL-10604,ORD-20604,DRV-122,2026-02-19 03:09:46,2026-02-19 03:38:46,2026-02-19 04:08:46,4.54,16.6,Delivered
DEL-10605,ORD-20605,DRV-113,2026-02-02 01:17:58,2026-02-02 01:46:58,2026-02-02 02:07:58,4.45,18.41,Delivered
DEL-10606,ORD-20606,DRV-119,2026-03-12 21:59:37,2026-03-12 22:14:37,2026-03-12 22:46:37,7.32,22.06,Delivered
DEL-10607,ORD-20607,DRV-149,2026-03-23 20:27:29,2026-03-23 20:46:29,2026-03-23 21:53:29,22.07,42.42,Delivered
DEL-10608,ORD-20608,DRV-136,2026-01-22 20:47:19,2026-01-22 21:19:19,2026-01-22 21:48:19,6.57,18.74,Delivered
DEL-10609,ORD-20609,DRV-112,2026-01-13 05:43:49,2026-01-13 05:52:49,2026-01-13 06:13:49,1.36,15.52,Delivered
DEL-10610,ORD-20610,DRV-141,2026-01-17 20:40:30,2026-01-17 20:49:30,2026-01-17 21:43:30,21.0,38.15,Delivered
DEL-10611,ORD-20611,DRV-119,2026-02-15 03:33:43,2026-02-15 03:43:43,2026-02-15 04:51:43,17.21,35.59,Delivered
DEL-10612,ORD-20612,DRV-112,2026-03-15 19:11:28,2026-03-15 19:22:28,2026-03-15 19:53:28,9.3,24.73,Delivered
DEL-10613,ORD-20613,DRV-109,2026-01-17 21:18:04,2026-01-17 21:46:04,2026-01-17 22:40:04,18.03,32.57,Delivered
DEL-10614,ORD-20614,DRV-107,2026-01-25 05:02:03,2026-01-25 05:33:03,2026-01-25 06:03:03,6.83,18.88,Delivered
DEL-10615,ORD-20615,DRV-128,2026-03-19 04:13:12,2026-03-19 04:23:12,2026-03-19 04:57:12,9.58,25.41,Delivered
DEL-10616,ORD-20616,DRV-114,2026-03-18 22:51:27,2026-03-18 23:21:27,2026-03-19 00:34:27,17.36,35.53,Delivered
DEL-10617,ORD-20617,DRV-131,2026-02-28 06:04:19,2026-02-28 06:24:19,2026-02-28 07:37:19,21.05,36.58,Delivered
DEL-10618,ORD-20618,DRV-119,2026-03-15 20:39:53,2026-03-15 20:51:53,2026-03-15 21:49:53,14.44,29.42,Delivered
DEL-10619,ORD-20619,DRV-147,2026-03-12 20:09:41,2026-03-12 20:29:41,2026-03-12 21:23:41,17.85,34.54,Delivered
DEL-10620,ORD-20620,DRV-116,2026-03-11 20:31:19,2026-03-11 20:45:19,2026-03-11 21:23:19,8.72,22.19,Delivered
DEL-10621,ORD-20621,DRV-105,2026-01-11 20:22:26,2026-01-11 20:46:26,,15.67,31.1,Cancelled
DEL-10622,ORD-20622,DRV-135,2026-03-14 01:51:32,2026-03-14 02:04:32,2026-03-14 02:38:32,11.88,27.49,Delivered
DEL-10623,ORD-20623,DRV-112,2026-03-06 00:41:58,2026-03-06 01:10:58,2026-03-06 02:05:58,17.32,35.63,Delivered
DEL-10624,ORD-20624,DRV-125,2026-01-29 00:12:40,2026-01-29 00:26:40,2026-01-29 01:02:40,7.42,23.83,Delivered
DEL-10625,ORD-20625,DRV-121,2026-03-02 18:57:44,2026-03-02 19:25:44,2026-03-02 19:39:44,2.35,14.22,Delivered
DEL-10626,ORD-20626,DRV-136,2026-03-29 03:52:14,2026-03-29 04:21:14,2026-03-29 05:02:14,11.78,27.26,Delivered
DEL-10627,ORD-20627,DRV-123,2026-02-09 07:02:55,2026-02-09 07:35:55,2026-02-09 07:56:55,7.7,24.28,Delivered
DEL-10628,ORD-20628,DRV-116,2026-01-21 22:37:45,2026-01-21 23:11:45,2026-01-21 23:23:45,1.7,12.58,Delivered
DEL-10629,ORD-20629,DRV-139,2026-02-05 02:38:00,2026-02-05 03:04:00,2026-02-05 04:10:00,22.45,40.26,Delivered
DEL-10630,ORD-20630,DRV-145,2026-03-06 03:08:01,,,12.0,28.92,Cancelled
DEL-10631,ORD-20631,DRV-142,2026-02-06 00:48:46,2026-02-06 01:09:46,2026-02-06 02:34:46,23.86,41.63,Delivered
DEL-10632,ORD-20632,DRV-139,2026-04-01 02:43:25,2026-04-01 02:51:25,2026-04-01 03:15:25,8.56,21.33,Delivered
DEL-10633,ORD-20633,DRV-114,2026-02-22 02:12:55,2026-02-22 02:46:55,2026-02-22 04:17:55,24.11,42.61,Delivered
DEL-10634,ORD-20634,DRV-131,2026-03-03 22:45:24,2026-03-03 22:58:24,2026-03-03 23:51:24,21.64,38.27,Delivered
DEL-10635,ORD-20635,DRV-105,2026-03-04 16:55:19,2026-03-04 17:18:19,2026-03-04 18:13:19,13.18,29.5,Delivered
DEL-10636,ORD-20636,DRV-135,2026-01-27 03:53:15,2026-01-27 04:07:15,2026-01-27 05:20:15,21.46,37.77,Delivered
DEL-10637,ORD-20637,DRV-123,2026-03-22 00:47:37,2026-03-22 01:19:37,2026-03-22 01:48:37,5.93,22.4,Delivered
DEL-10638,ORD-20638,DRV-129,2026-03-18 16:50:48,2026-03-18 17:02:48,2026-03-18 18:08:48,15.78,32.63,Delivered
DEL-10639,ORD-20639,DRV-143,2026-02-05 21:57:45,2026-02-05 22:27:45,2026-02-05 22:59:45,8.33,24.21,Delivered
DEL-10640,ORD-20640,DRV-111,2026-01-25 19:02:05,2026-01-25 19:35:05,2026-01-25 20:24:05,14.69,31.45,Delivered
DEL-10641,ORD-20641,DRV-118,2026-03-18 02:19:38,2026-03-18 02:53:38,2026-03-18 04:21:38,23.34,40.67,Delivered
DEL-10642,ORD-20642,DRV-147,2026-01-04 02:10:23,,,6.68,20.82,Cancelled
DEL-10643,ORD-20643,DRV-112,2026-03-16 03:27:35,2026-03-16 03:56:35,2026-03-16 05:30:35,22.44,38.78,Delivered
DEL-10644,ORD-20644,DRV-109,2026-01-12 03:25:50,2026-01-12 03:43:50,2026-01-12 04:48:50,22.44,42.69,Delivered
DEL-10645,ORD-20645,DRV-110,2026-02-10 21:22:06,2026-02-10 21:55:06,2026-02-10 22:30:06,7.08,23.43,Delivered
DEL-10646,ORD-20646,DRV-144,2026-01-03 04:06:31,2026-01-03 04:16:31,,23.76,41.96,Cancelled
DEL-10647,ORD-20647,DRV-117,2026-03-01 20:47:29,2026-03-01 21:20:29,2026-03-01 21:38:29,3.37,14.93,Delivered
DEL-10648,ORD-20648,DRV-138,2026-02-20 19:42:44,2026-02-20 19:53:44,2026-02-20 20:12:44,5.79,17.73,Delivered
DEL-10649,ORD-20649,DRV-107,2026-02-19 19:17:21,2026-02-19 19:39:21,2026-02-19 20:04:21,6.54,19.27,Delivered
DEL-10650,ORD-20650,DRV-146,2026-03-31 22:15:59,2026-03-31 22:27:59,2026-03-31 23:17:59,14.47,32.25,Returned
DEL-10651,ORD-20651,DRV-113,2026-01-15 06:34:57,2026-01-15 07:00:57,2026-01-15 07:55:57,17.2,32.72,Delivered
DEL-10652,ORD-20652,DRV-140,2026-03-23 21:11:28,2026-03-23 21:35:28,2026-03-23 22:13:28,11.22,26.21,Delivered
DEL-10653,ORD-20653,DRV-142,2026-02-12 20:44:41,2026-02-12 21:00:41,2026-02-12 22:01:41,18.38,34.24,Delivered
DEL-10654,ORD-20654,DRV-109,2026-03-19 21:05:55,2026-03-19 21:30:55,2026-03-19 22:29:55,19.64,37.95,Delivered
DEL-10655,ORD-20655,DRV-150,2026-03-22 05:02:50,2026-03-22 05:19:50,2026-03-22 06:50:50,21.44,37.67,Delivered
DEL-10656,ORD-20656,DRV-127,2026-01-21 03:24:56,2026-01-21 03:51:56,2026-01-21 04:27:56,6.13,18.99,Delivered
DEL-10657,ORD-20657,DRV-102,2026-01-05 19:30:44,2026-01-05 19:55:44,2026-01-05 20:58:44,23.67,40.41,Delivered
DEL-10658,ORD-20658,DRV-105,2026-03-31 21:29:08,2026-03-31 22:01:08,2026-03-31 22:40:08,9.17,26.37,Delivered
DEL-10659,ORD-20659,DRV-129,2026-02-13 19:22:08,2026-02-13 19:41:08,2026-02-13 19:52:08,1.63,12.76,Delivered
DEL-10660,ORD-20660,DRV-137,2026-03-19 03:57:41,2026-03-19 04:29:41,2026-03-19 05:42:41,17.71,35.8,Delivered
DEL-10661,ORD-20661,DRV-138,2026-03-12 19:53:54,2026-03-12 20:24:54,2026-03-12 21:00:54,8.19,20.41,Delivered
DEL-10662,ORD-20662,DRV-119,2026-03-02 01:41:11,2026-03-02 02:14:11,2026-03-02 02:46:11,10.77,26.48,Delivered
DEL-10663,ORD-20663,DRV-108,2026-02-21 16:21:52,2026-02-21 16:36:52,2026-02-21 17:17:52,6.71,19.45,Delivered
DEL-10664,ORD-20664,DRV-148,2026-03-14 20:39:24,2026-03-14 21:05:24,2026-03-14 21:50:24,16.68,32.57,Delivered
DEL-10665,ORD-20665,DRV-145,2026-01-26 22:18:49,2026-01-26 22:44:49,2026-01-26 22:53:49,1.37,13.83,Delivered
DEL-10666,ORD-20666,DRV-101,2026-01-17 03:25:31,2026-01-17 03:37:31,2026-01-17 04:03:31,6.11,18.82,Delivered
DEL-10667,ORD-20667,DRV-122,2026-01-23 03:27:32,2026-01-23 03:55:32,2026-01-23 04:52:32,13.81,27.53,Delivered
DEL-10668,ORD-20668,DRV-117,2026-02-08 23:47:00,2026-02-09 00:12:00,2026-02-09 00:35:00,4.24,16.75,Delivered
DEL-10669,ORD-20669,DRV-107,2026-01-19 01:07:27,2026-01-19 01:20:27,2026-01-19 01:48:27,5.68,19.42,Delivered
DEL-10670,ORD-20670,DRV-125,2026-01-06 23:11:34,2026-01-06 23:26:34,2026-01-07 00:17:34,16.04,34.54,Delivered
DEL-10671,ORD-20671,DRV-145,2026-03-26 22:52:54,2026-03-26 23:12:54,2026-03-26 23:47:54,6.34,18.75,Delivered
DEL-10672,ORD-20672,DRV-104,2026-02-03 19:02:41,2026-02-03 19:26:41,2026-02-03 20:46:41,24.14,43.51,Delivered
DEL-10673,ORD-20673,DRV-136,2026-03-14 20:04:02,2026-03-14 20:38:02,2026-03-14 21:08:02,6.92,22.24,Delivered
DEL-10674,ORD-20674,DRV-106,2026-03-23 19:40:01,2026-03-23 20:09:01,2026-03-23 20:25:01,1.77,14.25,Delivered
DEL-10675,ORD-20675,DRV-131,2026-02-27 20:34:47,2026-02-27 20:52:47,2026-02-27 21:16:47,7.75,21.74,Delivered
DEL-10676,ORD-20676,DRV-119,2026-03-06 02:50:01,2026-03-06 03:05:01,2026-03-06 03:28:01,7.46,24.31,Delivered
DEL-10677,ORD-20677,DRV-144,2026-03-20 03:47:00,2026-03-20 04:17:00,,4.03,18.2,Cancelled
DEL-10678,ORD-20678,DRV-139,2026-03-06 22:41:58,2026-03-06 23:01:58,2026-03-06 23:48:58,10.67,27.2,Delivered
DEL-10679,ORD-20679,DRV-127,2026-02-09 21:02:11,2026-02-09 21:32:11,2026-02-09 22:51:11,20.16,36.29,Delivered
DEL-10680,ORD-20680,DRV-110,2026-03-27 05:34:26,2026-03-27 05:55:26,2026-03-27 06:20:26,4.69,18.55,Delivered
DEL-10681,ORD-20681,DRV-126,2026-03-01 17:22:56,2026-03-01 17:52:56,,1.53,14.75,Cancelled
DEL-10682,ORD-20682,DRV-119,2026-02-27 16:44:20,2026-02-27 17:09:20,2026-02-27 17:48:20,11.91,27.38,Delivered
DEL-10683,ORD-20683,DRV-139,2026-02-01 20:40:56,2026-02-01 21:06:56,2026-02-01 22:18:56,20.29,38.05,Delivered
DEL-10684,ORD-20684,DRV-103,2026-02-27 05:11:29,2026-02-27 05:33:29,2026-02-27 05:55:29,2.9,16.76,Delivered
DEL-10685,ORD-20685,DRV-145,2026-02-23 05:04:23,2026-02-23 05:31:23,2026-02-23 06:28:23,18.33,37.24,Delivered
DEL-10686,ORD-20686,DRV-113,2026-03-17 21:41:38,2026-03-17 22:04:38,2026-03-17 23:35:38,23.64,44.14,Delivered
DEL-10687,ORD-20687,DRV-150,2026-03-28 19:12:59,2026-03-28 19:24:59,2026-03-28 19:59:59,9.5,25.82,Delivered
DEL-10688,ORD-20688,DRV-128,2026-03-16 04:48:17,2026-03-16 05:11:17,2026-03-16 06:22:17,21.39,39.71,Delivered
DEL-10689,ORD-20689,DRV-120,2026-03-23 22:52:13,2026-03-23 23:22:13,2026-03-24 00:07:13,14.74,28.82,Delivered
DEL-10690,ORD-20690,DRV-128,2026-02-28 00:19:29,2026-02-28 00:49:29,2026-02-28 01:46:29,20.96,38.66,Delivered
DEL-10691,ORD-20691,DRV-108,2026-01-19 01:31:53,2026-01-19 01:43:53,2026-01-19 02:36:53,14.55,29.38,Delivered
DEL-10692,ORD-20692,DRV-141,2026-03-10 06:23:20,2026-03-10 06:47:20,2026-03-10 07:01:20,3.68,18.49,Delivered
DEL-10693,ORD-20693,DRV-139,2026-01-17 00:11:34,2026-01-17 00:35:34,2026-01-17 01:11:34,11.62,29.35,Delivered
DEL-10694,ORD-20694,DRV-101,2026-03-29 21:24:01,2026-03-29 21:51:01,2026-03-29 22:05:01,2.99,17.06,Delivered
DEL-10695,ORD-20695,DRV-103,2026-02-25 01:05:44,2026-02-25 01:26:44,2026-02-25 02:32:44,18.49,33.37,Delivered
DEL-10696,ORD-20696,DRV-113,2026-02-16 03:30:23,2026-02-16 03:51:23,2026-02-16 04:20:23,5.6,18.41,Delivered
DEL-10697,ORD-20697,DRV-128,2026-01-25 05:53:26,2026-01-25 06:18:26,2026-01-25 07:04:26,9.97,27.08,Delivered
DEL-10698,ORD-20698,DRV-149,2026-03-05 17:53:41,2026-03-05 18:11:41,2026-03-05 19:17:41,13.5,27.89,Delivered
DEL-10699,ORD-20699,DRV-125,2026-02-19 03:35:29,2026-02-19 03:47:29,2026-02-19 04:22:29,8.19,20.99,Delivered
DEL-10700,ORD-20700,DRV-133,2026-01-26 21:19:14,2026-01-26 21:53:14,2026-01-26 22:59:14,16.07,33.58,Delivered
DEL-10701,ORD-20701,DRV-138,2026-01-28 21:58:07,2026-01-28 22:23:07,2026-01-28 23:21:07,21.61,40.93,Delivered
DEL-10702,ORD-20702,DRV-106,2026-01-10 05:43:11,2026-01-10 06:01:11,2026-01-10 06:20:11,5.24,20.17,Delivered
DEL-10703,ORD-20703,DRV-144,2026-01-11 02:18:47,2026-01-11 02:43:47,2026-01-11 03:56:47,20.68,36.62,Delivered
DEL-10704,ORD-20704,DRV-145,2026-01-04 18:07:08,2026-01-04 18:32:08,2026-01-04 18:51:08,5.97,20.3,Delivered
DEL-10705,ORD-20705,DRV-132,2026-03-23 03:33:05,2026-03-23 03:53:05,2026-03-23 04:45:05,13.48,29.66,Delivered
DEL-10706,ORD-20706,DRV-145,2026-01-23 23:31:06,2026-01-23 23:52:06,2026-01-24 00:13:06,3.77,16.66,Delivered
DEL-10707,ORD-20707,DRV-147,2026-01-06 20:23:36,2026-01-06 20:45:36,2026-01-06 21:05:36,3.55,15.43,Returned
DEL-10708,ORD-20708,DRV-121,2026-01-24 20:43:11,2026-01-24 21:13:11,2026-01-24 21:48:11,6.08,17.96,Delivered
DEL-10709,ORD-20709,DRV-116,2026-03-27 20:51:28,2026-03-27 21:22:28,2026-03-27 22:40:28,22.79,40.91,Delivered
DEL-10710,ORD-20710,DRV-121,2026-02-22 22:26:35,2026-02-22 22:40:35,2026-02-22 23:48:35,19.21,38.03,Delivered
DEL-10711,ORD-20711,DRV-111,2026-02-27 03:06:39,2026-02-27 03:27:39,2026-02-27 03:49:39,5.64,18.88,Delivered
DEL-10712,ORD-20712,DRV-137,2026-01-04 18:43:47,2026-01-04 19:02:47,2026-01-04 19:45:47,12.92,28.62,Delivered
DEL-10713,ORD-20713,DRV-136,2026-01-20 20:59:10,2026-01-20 21:13:10,2026-01-20 21:50:10,10.97,25.67,Delivered
DEL-10714,ORD-20714,DRV-135,2026-01-20 03:47:50,2026-01-20 04:14:50,2026-01-20 04:59:50,15.34,30.01,Delivered
DEL-10715,ORD-20715,DRV-119,2026-01-20 04:14:15,2026-01-20 04:40:15,2026-01-20 05:14:15,8.84,21.63,Delivered
DEL-10716,ORD-20716,DRV-120,2026-03-19 20:09:18,2026-03-19 20:27:18,2026-03-19 21:53:18,21.04,37.08,Returned
DEL-10717,ORD-20717,DRV-118,2026-02-24 04:58:39,2026-02-24 05:20:39,2026-02-24 06:11:39,22.16,42.4,Delivered
DEL-10718,ORD-20718,DRV-147,2026-03-16 01:54:07,2026-03-16 02:13:07,2026-03-16 02:50:07,7.16,20.77,Delivered
DEL-10719,ORD-20719,DRV-141,2026-01-19 23:00:42,2026-01-19 23:24:42,2026-01-20 00:03:42,10.15,24.91,Delivered
DEL-10720,ORD-20720,DRV-149,2026-02-11 22:55:22,2026-02-11 23:22:22,2026-02-12 00:00:22,10.27,27.6,Delivered
DEL-10721,ORD-20721,DRV-114,2026-03-03 18:23:33,2026-03-03 18:41:33,2026-03-03 19:23:33,8.46,24.49,Delivered
DEL-10722,ORD-20722,DRV-115,2026-02-08 01:36:26,2026-02-08 02:00:26,2026-02-08 02:23:26,1.51,13.7,Delivered
DEL-10723,ORD-20723,DRV-131,2026-02-22 02:28:08,2026-02-22 03:01:08,2026-02-22 03:42:08,9.17,22.43,Delivered
DEL-10724,ORD-20724,DRV-101,2026-01-07 02:56:12,2026-01-07 03:13:12,2026-01-07 04:07:12,13.92,29.2,Delivered
DEL-10725,ORD-20725,DRV-103,2026-03-09 02:09:24,2026-03-09 02:20:24,2026-03-09 02:52:24,6.73,23.31,Delivered
DEL-10726,ORD-20726,DRV-116,2026-03-20 03:39:00,2026-03-20 04:10:00,2026-03-20 04:30:00,5.63,19.34,Delivered
DEL-10727,ORD-20727,DRV-123,2026-02-01 02:22:03,2026-02-01 02:53:03,2026-02-01 04:09:03,20.43,39.88,Delivered
DEL-10728,ORD-20728,DRV-111,2026-03-05 16:11:06,2026-03-05 16:28:06,,2.07,15.43,Cancelled
DEL-10729,ORD-20729,DRV-112,2026-03-14 22:44:12,2026-03-14 23:08:12,2026-03-15 00:14:12,16.9,31.45,Delivered
DEL-10730,ORD-20730,DRV-110,2026-01-29 03:14:30,2026-01-29 03:46:30,,12.93,26.46,Cancelled
DEL-10731,ORD-20731,DRV-132,2026-03-14 01:13:26,2026-03-14 01:25:26,2026-03-14 02:26:26,13.45,30.4,Delivered
DEL-10732,ORD-20732,DRV-116,2026-02-24 01:27:42,2026-02-24 01:40:42,2026-02-24 02:03:42,1.85,13.55,Delivered
DEL-10733,ORD-20733,DRV-108,2026-02-08 21:49:21,2026-02-08 22:10:21,2026-02-08 22:33:21,3.25,16.13,Delivered
DEL-10734,ORD-20734,DRV-138,2026-01-27 21:22:59,,,21.17,39.88,Cancelled
DEL-10735,ORD-20735,DRV-112,2026-01-21 05:15:18,2026-01-21 05:31:18,2026-01-21 06:31:18,13.38,26.84,Delivered
DEL-10736,ORD-20736,DRV-124,2026-02-13 20:54:16,2026-02-13 21:10:16,,4.13,16.72,Cancelled
DEL-10737,ORD-20737,DRV-128,2026-01-19 03:05:57,2026-01-19 03:36:57,2026-01-19 04:52:57,21.88,38.04,Delivered
DEL-10738,ORD-20738,DRV-108,2026-03-11 05:07:24,2026-03-11 05:25:24,2026-03-11 05:55:24,7.45,22.27,Delivered
DEL-10739,ORD-20739,DRV-128,2026-03-17 18:05:58,2026-03-17 18:36:58,,16.71,32.78,Cancelled
DEL-10740,ORD-20740,DRV-136,2026-02-16 02:07:58,2026-02-16 02:16:58,2026-02-16 03:24:58,16.5,31.62,Delivered
DEL-10741,ORD-20741,DRV-126,2026-02-02 18:53:43,2026-02-02 19:23:43,2026-02-02 20:43:43,20.8,40.98,Delivered
DEL-10742,ORD-20742,DRV-108,2026-03-31 02:58:37,2026-03-31 03:22:37,2026-03-31 04:27:37,17.17,36.37,Delivered
DEL-10743,ORD-20743,DRV-150,2026-03-26 02:44:43,2026-03-26 03:03:43,,9.51,23.19,Cancelled
DEL-10744,ORD-20744,DRV-128,2026-01-12 02:58:40,2026-01-12 03:13:40,2026-01-12 04:19:40,17.84,36.92,Delivered
DEL-10745,ORD-20745,DRV-128,2026-03-27 02:02:17,2026-03-27 02:25:17,2026-03-27 02:57:17,9.58,24.0,Returned
DEL-10746,ORD-20746,DRV-137,2026-02-21 21:38:48,2026-02-21 22:08:48,2026-02-21 22:33:48,7.65,19.89,Delivered
DEL-10747,ORD-20747,DRV-141,2026-01-21 19:23:54,2026-01-21 19:37:54,2026-01-21 19:54:54,1.8,13.36,Delivered
DEL-10748,ORD-20748,DRV-136,2026-01-24 16:11:34,2026-01-24 16:30:34,,20.02,38.88,Cancelled
DEL-10749,ORD-20749,DRV-127,2026-02-08 20:32:11,2026-02-08 20:52:11,2026-02-08 21:08:11,1.91,12.84,Delivered
DEL-10750,ORD-20750,DRV-117,2026-01-16 00:33:38,2026-01-16 00:47:38,,15.82,32.13,Cancelled
DEL-10751,ORD-20751,DRV-109,2026-03-23 02:59:18,2026-03-23 03:15:18,2026-03-23 03:37:18,3.06,15.62,Delivered
DEL-10752,ORD-20752,DRV-133,2026-03-11 16:06:56,,,7.03,22.13,Cancelled
DEL-10753,ORD-20753,DRV-120,2026-01-20 02:05:48,2026-01-20 02:21:48,2026-01-20 03:10:48,14.22,29.46,Delivered
DEL-10754,ORD-20754,DRV-113,2026-03-06 23:17:09,2026-03-06 23:44:09,2026-03-07 00:19:09,11.5,26.05,Delivered
DEL-10755,ORD-20755,DRV-128,2026-03-23 16:30:26,2026-03-23 17:03:26,2026-03-23 17:46:26,14.11,27.65,Delivered
DEL-10756,ORD-20756,DRV-148,2026-01-25 22:21:04,2026-01-25 22:50:04,2026-01-25 23:17:04,5.63,21.13,Delivered
DEL-10757,ORD-20757,DRV-129,2026-01-27 01:19:32,2026-01-27 01:42:32,2026-01-27 02:03:32,3.03,18.19,Delivered
DEL-10758,ORD-20758,DRV-113,2026-03-25 21:07:23,2026-03-25 21:26:23,,12.92,29.46,Cancelled
DEL-10759,ORD-20759,DRV-146,2026-03-23 22:48:26,2026-03-23 23:20:26,2026-03-24 00:20:26,17.95,33.87,Delivered
DEL-10760,ORD-20760,DRV-135,2026-03-08 21:48:29,2026-03-08 22:07:29,2026-03-08 22:46:29,10.29,27.41,Delivered
DEL-10761,ORD-20761,DRV-106,2026-02-10 00:56:22,2026-02-10 01:13:22,2026-02-10 01:52:22,9.73,26.2,Delivered
DEL-10762,ORD-20762,DRV-118,2026-03-12 04:11:42,2026-03-12 04:23:42,2026-03-12 04:44:42,5.75,17.62,Delivered
DEL-10763,ORD-20763,DRV-105,2026-02-20 02:23:24,2026-02-20 02:46:24,2026-02-20 03:23:24,9.85,24.82,Delivered
DEL-10764,ORD-20764,DRV-147,2026-03-07 03:35:57,2026-03-07 03:49:57,2026-03-07 04:50:57,20.02,38.49,Delivered
DEL-10765,ORD-20765,DRV-125,2026-02-22 00:12:17,2026-02-22 00:42:17,2026-02-22 01:51:17,23.29,39.46,Delivered
DEL-10766,ORD-20766,DRV-102,2026-03-02 02:14:02,2026-03-02 02:32:02,2026-03-02 03:19:02,15.23,32.52,Delivered
DEL-10767,ORD-20767,DRV-110,2026-01-10 20:56:49,2026-01-10 21:12:49,2026-01-10 21:49:49,11.24,25.04,Delivered
DEL-10768,ORD-20768,DRV-130,2026-03-25 22:25:06,2026-03-25 22:34:06,2026-03-25 23:03:06,8.67,21.51,Delivered
DEL-10769,ORD-20769,DRV-150,2026-01-02 21:22:20,2026-01-02 21:47:20,2026-01-02 23:05:20,18.83,35.2,Delivered
DEL-10770,ORD-20770,DRV-145,2026-01-25 03:04:10,2026-01-25 03:35:10,2026-01-25 03:52:10,2.67,14.0,Delivered
DEL-10771,ORD-20771,DRV-105,2026-01-26 17:37:45,2026-01-26 17:49:45,2026-01-26 18:59:45,21.61,40.77,Delivered
DEL-10772,ORD-20772,DRV-133,2026-02-08 21:28:42,2026-02-08 21:47:42,2026-02-08 22:23:42,6.04,21.54,Delivered
DEL-10773,ORD-20773,DRV-101,2026-02-02 01:31:25,2026-02-02 01:40:25,2026-02-02 02:32:25,16.62,32.55,Delivered
DEL-10774,ORD-20774,DRV-118,2026-03-12 21:08:21,2026-03-12 21:21:21,,11.9,28.96,Cancelled
DEL-10775,ORD-20775,DRV-132,2026-02-09 21:08:40,2026-02-09 21:22:40,2026-02-09 21:58:40,11.42,25.37,Delivered
DEL-10776,ORD-20776,DRV-147,2026-02-17 22:06:15,2026-02-17 22:32:15,2026-02-17 23:13:15,7.98,23.84,Delivered
DEL-10777,ORD-20777,DRV-149,2026-03-23 01:21:07,2026-03-23 01:48:07,2026-03-23 02:09:07,3.29,18.92,Delivered
DEL-10778,ORD-20778,DRV-111,2026-03-15 21:03:36,2026-03-15 21:37:36,2026-03-15 22:20:36,14.32,32.62,Delivered
DEL-10779,ORD-20779,DRV-121,2026-02-27 19:27:34,2026-02-27 19:55:34,2026-02-27 21:10:34,21.28,38.99,Returned
DEL-10780,ORD-20780,DRV-126,2026-01-16 07:04:40,2026-01-16 07:35:40,2026-01-16 07:55:40,3.86,17.42,Delivered
DEL-10781,ORD-20781,DRV-125,2026-01-07 01:08:59,2026-01-07 01:20:59,2026-01-07 01:39:59,2.67,16.33,Delivered
DEL-10782,ORD-20782,DRV-122,2026-03-04 04:13:35,2026-03-04 04:36:35,2026-03-04 05:02:35,6.61,22.67,Delivered
DEL-10783,ORD-20783,DRV-127,2026-03-03 17:11:15,2026-03-03 17:36:15,2026-03-03 18:44:15,20.0,35.78,Delivered
DEL-10784,ORD-20784,DRV-149,2026-03-23 22:20:00,2026-03-23 22:50:00,2026-03-23 23:57:00,15.15,30.31,Delivered
DEL-10785,ORD-20785,DRV-113,2026-02-18 01:38:09,2026-02-18 02:01:09,2026-02-18 02:36:09,8.27,22.33,Delivered
DEL-10786,ORD-20786,DRV-133,2026-01-23 21:42:16,2026-01-23 21:59:16,2026-01-23 22:50:16,13.47,27.12,Delivered
DEL-10787,ORD-20787,DRV-134,2026-03-06 03:46:08,2026-03-06 03:58:08,2026-03-06 04:40:08,11.13,25.58,Delivered
DEL-10788,ORD-20788,DRV-141,2026-01-18 02:47:08,2026-01-18 03:20:08,2026-01-18 04:15:08,13.05,26.59,Delivered
DEL-10789,ORD-20789,DRV-135,2026-03-27 23:09:33,2026-03-27 23:18:33,2026-03-28 00:21:33,23.92,44.73,Delivered
DEL-10790,ORD-20790,DRV-101,2026-01-17 02:52:07,2026-01-17 03:07:07,2026-01-17 04:33:07,22.9,39.07,Delivered
DEL-10791,ORD-20791,DRV-121,2026-01-19 21:58:10,,,4.91,20.98,Cancelled
DEL-10792,ORD-20792,DRV-148,2026-03-16 03:29:08,2026-03-16 03:42:08,2026-03-16 04:14:08,8.91,25.32,Delivered
DEL-10793,ORD-20793,DRV-106,2026-01-18 02:50:48,2026-01-18 03:22:48,2026-01-18 03:45:48,3.7,17.17,Delivered
DEL-10794,ORD-20794,DRV-128,2026-01-26 20:24:18,2026-01-26 20:46:18,2026-01-26 21:44:18,20.18,36.39,Delivered
DEL-10795,ORD-20795,DRV-117,2026-03-08 01:27:12,2026-03-08 01:56:12,2026-03-08 02:43:12,12.92,26.56,Delivered
DEL-10796,ORD-20796,DRV-105,2026-02-10 23:37:31,2026-02-10 23:45:31,2026-02-11 00:24:31,12.52,29.17,Delivered
DEL-10797,ORD-20797,DRV-131,2026-01-04 22:09:46,2026-01-04 22:32:46,2026-01-04 23:49:46,22.91,39.67,Delivered
DEL-10798,ORD-20798,DRV-105,2026-02-11 04:17:19,2026-02-11 04:36:19,,10.14,25.13,Cancelled
DEL-10799,ORD-20799,DRV-138,2026-02-27 21:29:24,2026-02-27 21:39:24,2026-02-27 22:13:24,6.55,19.19,Delivered
DEL-10800,ORD-20800,DRV-103,2026-03-27 20:16:13,2026-03-27 20:28:13,2026-03-27 21:19:13,21.04,38.72,Delivered
DEL-10801,ORD-20801,DRV-123,2026-02-05 02:45:10,2026-02-05 02:58:10,2026-02-05 04:03:10,18.79,36.85,Delivered
DEL-10802,ORD-20802,DRV-137,2026-02-17 17:20:51,2026-02-17 17:36:51,2026-02-17 18:26:51,14.39,31.07,Delivered
DEL-10803,ORD-20803,DRV-137,2026-03-19 02:25:37,2026-03-19 02:56:37,2026-03-19 04:09:37,16.44,33.11,Delivered
DEL-10804,ORD-20804,DRV-110,2026-03-18 21:52:01,2026-03-18 22:00:01,2026-03-18 22:43:01,12.8,27.55,Delivered
DEL-10805,ORD-20805,DRV-110,2026-01-16 01:16:23,,,4.38,16.62,Cancelled
DEL-10806,ORD-20806,DRV-119,2026-03-07 20:42:07,2026-03-07 21:18:07,,3.37,16.55,Cancelled
DEL-10807,ORD-20807,DRV-117,2026-02-19 02:42:48,2026-02-19 03:19:48,,13.58,28.97,Cancelled
DEL-10808,ORD-20808,DRV-121,2026-01-24 03:32:44,2026-01-24 03:53:44,2026-01-24 04:58:44,16.59,33.09,Delivered
DEL-10809,ORD-20809,DRV-114,2026-02-26 03:43:10,2026-02-26 04:14:10,2026-02-26 04:30:10,5.1,18.27,Delivered
DEL-10810,ORD-20810,DRV-109,2026-01-23 00:07:24,2026-01-23 00:37:24,2026-01-23 01:31:24,20.65,40.03,Delivered
DEL-10811,ORD-20811,DRV-146,2026-01-16 21:44:51,2026-01-16 22:13:51,2026-01-16 23:26:51,19.89,36.61,Delivered
DEL-10812,ORD-20812,DRV-101,2026-03-24 04:48:38,2026-03-24 05:12:38,2026-03-24 05:59:38,15.68,29.79,Delivered
DEL-10813,ORD-20813,DRV-145,2026-02-26 21:14:34,2026-02-26 21:26:34,2026-02-26 22:29:34,20.68,36.36,Delivered
DEL-10814,ORD-20814,DRV-113,2026-02-10 21:01:22,2026-02-10 21:35:22,2026-02-10 22:15:22,12.95,30.52,Delivered
DEL-10815,ORD-20815,DRV-104,2026-03-23 00:00:17,2026-03-23 00:20:17,2026-03-23 01:25:17,23.56,43.41,Delivered
DEL-10816,ORD-20816,DRV-101,2026-03-09 21:35:50,2026-03-09 21:51:50,2026-03-09 22:50:50,16.73,32.33,Delivered
DEL-10817,ORD-20817,DRV-149,2026-01-13 04:29:43,2026-01-13 04:57:43,2026-01-13 05:22:43,4.78,20.29,Delivered
DEL-10818,ORD-20818,DRV-140,2026-02-20 05:24:34,2026-02-20 05:56:34,2026-02-20 06:53:34,18.2,32.85,Delivered
DEL-10819,ORD-20819,DRV-132,2026-01-05 21:18:22,,,7.56,21.77,Cancelled
DEL-10820,ORD-20820,DRV-134,2026-01-01 22:24:15,2026-01-01 22:55:15,2026-01-01 23:18:15,1.55,13.36,Delivered
DEL-10821,ORD-20821,DRV-128,2026-03-24 21:01:26,2026-03-24 21:31:26,2026-03-24 22:56:26,22.74,41.03,Delivered
DEL-10822,ORD-20822,DRV-131,2026-03-06 17:31:32,2026-03-06 17:58:32,2026-03-06 18:51:32,14.17,31.4,Delivered
DEL-10823,ORD-20823,DRV-108,2026-03-08 02:23:44,2026-03-08 02:39:44,2026-03-08 03:49:44,16.44,33.64,Delivered
DEL-10824,ORD-20824,DRV-139,2026-02-22 03:00:16,2026-02-22 03:25:16,2026-02-22 03:42:16,2.21,14.31,Delivered
DEL-10825,ORD-20825,DRV-126,2026-03-11 16:52:13,2026-03-11 17:06:13,2026-03-11 18:08:13,23.55,42.5,Delivered
DEL-10826,ORD-20826,DRV-134,2026-01-11 04:38:27,2026-01-11 05:00:27,2026-01-11 05:49:27,17.98,37.07,Delivered
DEL-10827,ORD-20827,DRV-103,2026-02-25 21:46:08,2026-02-25 22:06:08,2026-02-25 22:25:08,1.45,15.32,Delivered
DEL-10828,ORD-20828,DRV-150,2026-03-28 04:57:25,2026-03-28 05:22:25,2026-03-28 06:15:25,12.43,25.89,Delivered
DEL-10829,ORD-20829,DRV-112,2026-04-01 00:29:38,,,19.0,33.78,Cancelled
DEL-10830,ORD-20830,DRV-101,2026-02-01 02:12:57,2026-02-01 02:39:57,2026-02-01 03:40:57,23.24,39.71,Delivered
DEL-10831,ORD-20831,DRV-144,2026-02-05 02:31:05,2026-02-05 02:57:05,2026-02-05 03:43:05,12.98,26.61,Delivered
DEL-10832,ORD-20832,DRV-105,2026-03-27 04:14:13,2026-03-27 04:30:13,2026-03-27 05:13:13,13.05,27.9,Delivered
DEL-10833,ORD-20833,DRV-130,2026-02-07 22:27:54,2026-02-07 23:01:54,2026-02-07 23:47:54,11.42,27.33,Delivered
DEL-10834,ORD-20834,DRV-130,2026-02-27 20:12:42,2026-02-27 20:38:42,2026-02-27 21:42:42,21.86,39.22,Delivered
DEL-10835,ORD-20835,DRV-117,2026-01-29 02:17:43,2026-01-29 02:37:43,2026-01-29 03:27:43,10.47,24.71,Returned
DEL-10836,ORD-20836,DRV-148,2026-03-09 20:30:02,2026-03-09 21:03:02,2026-03-09 22:08:02,15.01,30.66,Delivered
DEL-10837,ORD-20837,DRV-147,2026-03-31 03:00:47,2026-03-31 03:26:47,2026-03-31 04:30:47,20.14,37.88,Delivered
DEL-10838,ORD-20838,DRV-123,2026-03-24 21:25:38,,,13.28,27.16,Cancelled
DEL-10839,ORD-20839,DRV-115,2026-03-13 03:51:57,,,23.18,43.49,Cancelled
DEL-10840,ORD-20840,DRV-137,2026-01-06 19:35:26,2026-01-06 20:09:26,,14.38,31.55,Cancelled
DEL-10841,ORD-20841,DRV-121,2026-03-20 20:10:59,2026-03-20 20:26:59,2026-03-20 20:54:59,8.24,24.78,Returned
DEL-10842,ORD-20842,DRV-114,2026-02-15 21:42:15,2026-02-15 22:16:15,2026-02-15 22:39:15,2.9,17.45,Delivered
DEL-10843,ORD-20843,DRV-102,2026-01-04 02:13:57,2026-01-04 02:36:57,2026-01-04 03:22:57,18.76,38.29,Delivered
DEL-10844,ORD-20844,DRV-111,2026-01-24 21:37:29,2026-01-24 22:08:29,2026-01-24 23:02:29,16.78,35.29,Delivered
DEL-10845,ORD-20845,DRV-139,2026-01-02 03:45:21,2026-01-02 04:16:21,2026-01-02 04:57:21,15.84,31.77,Delivered
DEL-10846,ORD-20846,DRV-138,2026-01-14 03:10:05,2026-01-14 03:39:05,2026-01-14 04:36:05,20.24,37.34,Delivered
DEL-10847,ORD-20847,DRV-134,2026-03-19 22:57:04,2026-03-19 23:14:04,2026-03-19 23:30:04,4.14,15.79,Delivered
DEL-10848,ORD-20848,DRV-138,2026-03-22 21:59:12,2026-03-22 22:32:12,2026-03-22 23:28:12,18.87,36.62,Delivered
DEL-10849,ORD-20849,DRV-150,2026-02-03 00:40:29,2026-02-03 01:01:29,,21.16,41.09,Cancelled
DEL-10850,ORD-20850,DRV-134,2026-03-11 05:05:24,2026-03-11 05:15:24,2026-03-11 05:37:24,2.7,16.59,Delivered
DEL-10851,ORD-20851,DRV-118,2026-01-30 05:08:55,2026-01-30 05:32:55,2026-01-30 06:12:55,15.89,31.33,Delivered
DEL-10852,ORD-20852,DRV-130,2026-02-20 03:56:49,2026-02-20 04:18:49,2026-02-20 05:34:49,19.59,34.64,Returned
DEL-10853,ORD-20853,DRV-115,2026-01-20 18:53:15,,,16.46,32.79,Cancelled
DEL-10854,ORD-20854,DRV-127,2026-01-18 01:27:14,2026-01-18 02:00:14,2026-01-18 02:22:14,2.78,14.44,Delivered
DEL-10855,ORD-20855,DRV-134,2026-02-16 01:31:40,2026-02-16 01:59:40,2026-02-16 02:23:40,5.59,17.27,Delivered
DEL-10856,ORD-20856,DRV-138,2026-01-04 20:54:24,2026-01-04 21:23:24,2026-01-04 22:02:24,13.63,31.76,Delivered
DEL-10857,ORD-20857,DRV-133,2026-03-16 20:40:37,,,12.17,28.75,Cancelled
DEL-10858,ORD-20858,DRV-124,2026-02-04 23:15:20,2026-02-04 23:35:20,2026-02-05 00:01:20,5.12,20.2,Returned
DEL-10859,ORD-20859,DRV-115,2026-02-27 20:27:00,2026-02-27 20:42:00,2026-02-27 21:41:00,16.46,32.53,Delivered
DEL-10860,ORD-20860,DRV-130,2026-01-10 01:15:15,2026-01-10 01:32:15,2026-01-10 02:19:15,17.37,34.31,Delivered
DEL-10861,ORD-20861,DRV-142,2026-03-30 00:51:12,2026-03-30 01:06:12,2026-03-30 02:10:12,14.92,29.1,Delivered
DEL-10862,ORD-20862,DRV-117,2026-03-29 01:49:10,2026-03-29 02:03:10,2026-03-29 02:43:10,7.79,24.21,Delivered
DEL-10863,ORD-20863,DRV-105,2026-02-18 03:46:13,2026-02-18 04:20:13,2026-02-18 04:50:13,7.68,19.91,Delivered
DEL-10864,ORD-20864,DRV-129,2026-02-18 21:16:30,2026-02-18 21:34:30,2026-02-18 21:52:30,4.71,18.23,Delivered
DEL-10865,ORD-20865,DRV-104,2026-01-04 06:54:56,2026-01-04 07:13:56,2026-01-04 08:01:56,15.11,31.01,Delivered
DEL-10866,ORD-20866,DRV-110,2026-01-22 02:42:51,2026-01-22 02:57:51,2026-01-22 03:26:51,8.16,21.16,Delivered
DEL-10867,ORD-20867,DRV-117,2026-01-28 22:50:52,2026-01-28 23:12:52,2026-01-28 23:55:52,9.77,22.72,Delivered
DEL-10868,ORD-20868,DRV-110,2026-01-18 20:52:57,,,6.1,17.74,Cancelled
DEL-10869,ORD-20869,DRV-117,2026-01-29 16:35:28,2026-01-29 17:09:28,2026-01-29 18:11:28,16.09,30.49,Delivered
DEL-10870,ORD-20870,DRV-120,2026-03-29 00:22:03,2026-03-29 00:38:03,2026-03-29 01:31:03,16.36,31.03,Delivered
DEL-10871,ORD-20871,DRV-124,2026-03-29 23:28:46,2026-03-29 23:57:46,2026-03-30 00:21:46,7.97,24.88,Returned
DEL-10872,ORD-20872,DRV-105,2026-01-22 21:56:58,2026-01-22 22:20:58,2026-01-22 22:58:58,9.78,24.09,Delivered
DEL-10873,ORD-20873,DRV-134,2026-02-08 21:28:04,2026-02-08 21:49:04,2026-02-08 22:03:04,2.09,16.97,Delivered
DEL-10874,ORD-20874,DRV-106,2026-01-10 19:40:30,2026-01-10 20:04:30,2026-01-10 20:18:30,1.39,12.21,Delivered
DEL-10875,ORD-20875,DRV-102,2026-01-14 02:32:55,2026-01-14 03:03:55,2026-01-14 04:37:55,23.6,42.5,Delivered
DEL-10876,ORD-20876,DRV-113,2026-03-02 20:59:17,2026-03-02 21:23:17,2026-03-02 21:49:17,6.16,20.72,Delivered
DEL-10877,ORD-20877,DRV-143,2026-03-21 00:33:04,2026-03-21 01:06:04,2026-03-21 01:29:04,4.11,15.79,Delivered
DEL-10878,ORD-20878,DRV-143,2026-02-24 04:32:32,2026-02-24 05:03:32,2026-02-24 05:25:32,5.53,18.03,Delivered
DEL-10879,ORD-20879,DRV-148,2026-03-24 03:51:41,2026-03-24 04:17:41,2026-03-24 04:51:41,6.77,22.4,Delivered
DEL-10880,ORD-20880,DRV-111,2026-02-21 05:49:13,2026-02-21 06:05:13,2026-02-21 07:14:13,19.59,38.1,Delivered
DEL-10881,ORD-20881,DRV-147,2026-01-21 19:46:21,2026-01-21 20:00:21,2026-01-21 20:41:21,12.85,30.26,Delivered
DEL-10882,ORD-20882,DRV-123,2026-02-12 03:24:24,2026-02-12 03:40:24,2026-02-12 04:38:24,21.59,40.85,Delivered
DEL-10883,ORD-20883,DRV-116,2026-01-18 03:37:03,,,20.53,39.18,Cancelled
DEL-10884,ORD-20884,DRV-131,2026-03-05 22:30:36,2026-03-05 22:59:36,2026-03-05 23:44:36,11.68,25.54,Delivered
DEL-10885,ORD-20885,DRV-111,2026-02-06 19:32:30,,,12.86,30.55,Cancelled
DEL-10886,ORD-20886,DRV-116,2026-02-08 03:33:18,2026-02-08 03:56:18,2026-02-08 05:01:18,23.37,42.32,Delivered
DEL-10887,ORD-20887,DRV-108,2026-03-10 01:42:15,2026-03-10 02:11:15,2026-03-10 02:55:15,15.89,33.53,Delivered
DEL-10888,ORD-20888,DRV-104,2026-01-28 00:56:44,2026-01-28 01:04:44,2026-01-28 01:46:44,10.93,27.32,Delivered
DEL-10889,ORD-20889,DRV-140,2026-02-24 17:15:17,2026-02-24 17:30:17,2026-02-24 18:32:17,24.44,44.98,Delivered
DEL-10890,ORD-20890,DRV-104,2026-03-10 21:18:17,2026-03-10 21:34:17,,19.53,35.98,Cancelled
DEL-10891,ORD-20891,DRV-125,2026-01-17 03:46:37,2026-01-17 04:09:37,2026-01-17 05:25:37,19.97,37.98,Delivered
DEL-10892,ORD-20892,DRV-103,2026-01-22 20:51:28,2026-01-22 21:23:28,2026-01-22 21:54:28,8.67,24.56,Returned
DEL-10893,ORD-20893,DRV-132,2026-01-05 18:02:34,2026-01-05 18:18:34,2026-01-05 18:48:34,9.29,25.02,Delivered
DEL-10894,ORD-20894,DRV-103,2026-01-30 03:35:44,2026-01-30 03:56:44,2026-01-30 04:57:44,15.26,30.7,Returned
DEL-10895,ORD-20895,DRV-127,2026-03-02 17:53:09,2026-03-02 18:05:09,2026-03-02 18:36:09,11.69,26.28,Delivered
DEL-10896,ORD-20896,DRV-129,2026-03-28 19:48:08,2026-03-28 20:22:08,2026-03-28 21:15:08,17.17,35.36,Delivered
DEL-10897,ORD-20897,DRV-132,2026-01-09 03:16:11,2026-01-09 03:50:11,2026-01-09 04:59:11,17.89,35.71,Delivered
DEL-10898,ORD-20898,DRV-150,2026-03-30 03:04:16,2026-03-30 03:32:16,2026-03-30 04:07:16,8.58,24.08,Delivered
DEL-10899,ORD-20899,DRV-119,2026-03-21 03:31:44,2026-03-21 03:42:44,2026-03-21 04:25:44,8.71,25.76,Returned
DEL-10900,ORD-20900,DRV-121,2026-01-29 21:00:22,2026-01-29 21:22:22,2026-01-29 22:41:22,22.86,39.44,Delivered
DEL-10901,ORD-20901,DRV-105,2026-01-31 03:10:42,2026-01-31 03:27:42,2026-01-31 04:12:42,8.46,22.11,Delivered
DEL-10902,ORD-20902,DRV-118,2026-01-20 04:42:14,2026-01-20 05:05:14,2026-01-20 05:23:14,4.16,17.51,Delivered
DEL-10903,ORD-20903,DRV-128,2026-03-19 07:36:13,2026-03-19 08:03:13,2026-03-19 08:53:13,16.22,32.05,Delivered
DEL-10904,ORD-20904,DRV-142,2026-01-04 23:30:30,2026-01-04 23:51:30,2026-01-05 00:18:30,3.34,15.81,Delivered
DEL-10905,ORD-20905,DRV-122,2026-02-06 19:05:25,2026-02-06 19:31:25,2026-02-06 19:51:25,4.51,18.84,Delivered
DEL-10906,ORD-20906,DRV-121,2026-03-07 19:47:54,2026-03-07 20:02:54,2026-03-07 20:42:54,11.09,28.53,Delivered
DEL-10907,ORD-20907,DRV-106,2026-03-13 21:01:15,2026-03-13 21:27:15,2026-03-13 22:49:15,21.58,39.79,Delivered
DEL-10908,ORD-20908,DRV-101,2026-01-25 01:36:55,2026-01-25 01:52:55,2026-01-25 02:48:55,18.35,34.44,Delivered
DEL-10909,ORD-20909,DRV-105,2026-03-02 21:00:35,2026-03-02 21:13:35,2026-03-02 21:41:35,4.89,19.55,Delivered
DEL-10910,ORD-20910,DRV-141,2026-02-15 20:17:05,2026-02-15 20:37:05,2026-02-15 21:29:05,14.24,27.87,Delivered
DEL-10911,ORD-20911,DRV-112,2026-02-27 06:49:31,2026-02-27 07:19:31,2026-02-27 08:29:31,19.56,38.65,Delivered
DEL-10912,ORD-20912,DRV-126,2026-01-22 20:47:04,2026-01-22 21:01:04,2026-01-22 21:46:04,8.99,21.37,Delivered
DEL-10913,ORD-20913,DRV-146,2026-01-14 05:05:07,2026-01-14 05:19:07,2026-01-14 05:47:07,7.92,23.09,Delivered
DEL-10914,ORD-20914,DRV-134,2026-02-16 04:20:00,2026-02-16 04:56:00,,10.33,24.23,Cancelled
DEL-10915,ORD-20915,DRV-149,2026-02-21 20:27:05,2026-02-21 20:35:05,2026-02-21 21:30:05,21.14,39.83,Delivered
DEL-10916,ORD-20916,DRV-114,2026-03-11 06:12:46,2026-03-11 06:37:46,2026-03-11 06:53:46,3.89,15.4,Delivered
DEL-10917,ORD-20917,DRV-126,2026-01-26 20:48:50,2026-01-26 21:00:50,2026-01-26 21:16:50,3.61,16.67,Delivered
DEL-10918,ORD-20918,DRV-145,2026-02-09 04:42:31,2026-02-09 05:11:31,2026-02-09 06:31:31,23.41,41.97,Delivered
DEL-10919,ORD-20919,DRV-127,2026-03-18 05:43:56,2026-03-18 05:54:56,2026-03-18 06:24:56,10.34,24.95,Delivered
DEL-10920,ORD-20920,DRV-109,2026-03-05 02:02:36,2026-03-05 02:18:36,2026-03-05 03:35:36,22.31,42.08,Delivered
DEL-10921,ORD-20921,DRV-126,2026-01-13 18:01:55,2026-01-13 18:24:55,2026-01-13 19:22:55,20.32,38.47,Delivered
DEL-10922,ORD-20922,DRV-147,2026-02-05 19:41:40,2026-02-05 19:53:40,2026-02-05 20:22:40,7.03,22.97,Delivered
DEL-10923,ORD-20923,DRV-122,2026-03-19 02:42:42,2026-03-19 03:13:42,2026-03-19 03:54:42,10.74,24.87,Delivered
DEL-10924,ORD-20924,DRV-147,2026-02-01 20:49:17,2026-02-01 21:07:17,2026-02-01 22:34:17,24.14,41.66,Delivered
DEL-10925,ORD-20925,DRV-130,2026-01-04 02:14:45,2026-01-04 02:46:45,2026-01-04 02:59:45,1.56,14.13,Delivered
DEL-10926,ORD-20926,DRV-143,2026-01-26 22:16:23,2026-01-26 22:39:23,2026-01-26 23:41:23,21.89,37.89,Delivered
DEL-10927,ORD-20927,DRV-148,2026-03-03 20:40:26,2026-03-03 20:54:26,2026-03-03 22:07:26,19.88,37.06,Delivered
DEL-10928,ORD-20928,DRV-117,2026-03-17 20:51:34,2026-03-17 21:11:34,2026-03-17 21:55:34,14.64,29.41,Delivered
DEL-10929,ORD-20929,DRV-126,2026-03-29 21:54:22,2026-03-29 22:12:22,2026-03-29 22:26:22,3.24,18.08,Delivered
DEL-10930,ORD-20930,DRV-136,2026-01-07 16:31:08,2026-01-07 16:58:08,2026-01-07 17:45:08,17.06,31.93,Delivered
DEL-10931,ORD-20931,DRV-101,2026-01-13 06:53:19,2026-01-13 07:18:19,2026-01-13 08:05:19,8.56,22.27,Delivered
DEL-10932,ORD-20932,DRV-108,2026-02-09 20:13:35,2026-02-09 20:26:35,2026-02-09 21:24:35,19.12,36.88,Delivered
DEL-10933,ORD-20933,DRV-149,2026-03-19 01:05:14,2026-03-19 01:21:14,2026-03-19 01:54:14,12.28,27.17,Delivered
DEL-10934,ORD-20934,DRV-135,2026-02-25 19:29:43,2026-02-25 19:40:43,2026-02-25 20:35:43,18.18,37.38,Delivered
DEL-10935,ORD-20935,DRV-115,2026-03-21 02:37:02,2026-03-21 02:57:02,,20.46,40.14,Cancelled
DEL-10936,ORD-20936,DRV-147,2026-03-04 04:28:23,2026-03-04 04:40:23,2026-03-04 05:06:23,4.21,17.6,Delivered
DEL-10937,ORD-20937,DRV-122,2026-01-31 01:18:25,2026-01-31 01:28:25,2026-01-31 02:05:25,6.65,18.73,Delivered
DEL-10938,ORD-20938,DRV-114,2026-01-07 20:56:08,2026-01-07 21:08:08,2026-01-07 22:06:08,18.85,37.22,Delivered
DEL-10939,ORD-20939,DRV-126,2026-01-27 20:19:09,2026-01-27 20:34:09,2026-01-27 21:15:09,8.73,25.11,Delivered
DEL-10940,ORD-20940,DRV-128,2026-01-30 20:11:10,2026-01-30 20:34:10,2026-01-30 21:05:10,8.54,21.26,Delivered
DEL-10941,ORD-20941,DRV-123,2026-03-26 03:17:41,2026-03-26 03:47:41,2026-03-26 04:18:41,9.25,26.52,Delivered
DEL-10942,ORD-20942,DRV-114,2026-01-03 02:26:01,2026-01-03 02:36:01,2026-01-03 03:44:01,20.76,38.19,Delivered
DEL-10943,ORD-20943,DRV-124,2026-03-13 23:30:53,2026-03-13 23:40:53,2026-03-14 00:23:53,11.83,29.26,Delivered
DEL-10944,ORD-20944,DRV-102,2026-01-29 22:50:45,2026-01-29 23:04:45,2026-01-29 23:39:45,6.18,17.78,Delivered
DEL-10945,ORD-20945,DRV-145,2026-03-23 21:56:28,2026-03-23 22:27:28,2026-03-23 23:51:28,21.57,41.22,Delivered
DEL-10946,ORD-20946,DRV-126,2026-01-28 06:16:00,2026-01-28 06:24:00,2026-01-28 06:59:00,7.45,19.52,Delivered
DEL-10947,ORD-20947,DRV-114,2026-02-04 23:11:58,2026-02-04 23:30:58,2026-02-05 00:20:58,11.43,24.85,Delivered
DEL-10948,ORD-20948,DRV-107,2026-01-01 21:07:03,2026-01-01 21:18:03,2026-01-01 22:14:03,16.18,31.86,Delivered
DEL-10949,ORD-20949,DRV-103,2026-02-16 20:36:55,2026-02-16 21:00:55,2026-02-16 21:14:55,1.55,14.34,Delivered
DEL-10950,ORD-20950,DRV-147,2026-03-16 22:25:01,2026-03-16 22:34:01,2026-03-16 23:41:01,17.18,35.64,Delivered
DEL-10951,ORD-20951,DRV-123,2026-01-16 05:56:22,2026-01-16 06:12:22,2026-01-16 06:48:22,9.62,25.91,Delivered
DEL-10952,ORD-20952,DRV-146,2026-03-11 17:03:53,2026-03-11 17:16:53,2026-03-11 18:14:53,21.3,38.84,Delivered
DEL-10953,ORD-20953,DRV-143,2026-01-03 18:59:00,2026-01-03 19:31:00,2026-01-03 19:53:00,6.97,22.75,Delivered
DEL-10954,ORD-20954,DRV-147,2026-01-29 01:50:56,2026-01-29 02:11:56,2026-01-29 02:48:56,12.73,29.62,Delivered
DEL-10955,ORD-20955,DRV-145,2026-02-12 16:45:21,2026-02-12 17:11:21,2026-02-12 17:44:21,8.91,24.84,Delivered
DEL-10956,ORD-20956,DRV-118,2026-01-19 06:20:10,2026-01-19 06:40:10,2026-01-19 07:50:10,24.15,40.33,Delivered
DEL-10957,ORD-20957,DRV-138,2026-03-02 17:33:08,2026-03-02 18:00:08,2026-03-02 18:52:08,14.41,30.82,Delivered
DEL-10958,ORD-20958,DRV-135,2026-02-28 22:08:28,2026-02-28 22:25:28,2026-02-28 23:14:28,13.76,28.64,Delivered
DEL-10959,ORD-20959,DRV-115,2026-01-07 00:04:57,2026-01-07 00:26:57,2026-01-07 00:42:57,3.87,16.36,Delivered
DEL-10960,ORD-20960,DRV-125,2026-02-20 03:39:58,2026-02-20 03:56:58,2026-02-20 05:22:58,23.17,42.94,Delivered
DEL-10961,ORD-20961,DRV-137,2026-02-13 02:58:52,2026-02-13 03:22:52,2026-02-13 04:04:52,12.39,27.94,Delivered
DEL-10962,ORD-20962,DRV-128,2026-02-23 17:18:34,2026-02-23 17:51:34,2026-02-23 19:08:34,24.19,43.33,Delivered
DEL-10963,ORD-20963,DRV-110,2026-02-26 21:07:32,2026-02-26 21:37:32,2026-02-26 22:36:32,18.22,32.98,Delivered
DEL-10964,ORD-20964,DRV-139,2026-03-24 20:09:55,2026-03-24 20:42:55,2026-03-24 22:01:55,24.29,42.98,Delivered
DEL-10965,ORD-20965,DRV-117,2026-03-01 19:49:36,2026-03-01 20:04:36,2026-03-01 20:33:36,4.0,16.15,Delivered
DEL-10966,ORD-20966,DRV-139,2026-02-02 01:10:31,,,5.66,19.11,Cancelled
DEL-10967,ORD-20967,DRV-122,2026-03-31 20:00:24,2026-03-31 20:31:24,2026-03-31 21:16:24,8.32,21.19,Delivered
DEL-10968,ORD-20968,DRV-126,2026-01-12 21:19:25,2026-01-12 21:36:25,2026-01-12 22:41:25,14.31,29.45,Delivered
DEL-10969,ORD-20969,DRV-144,2026-02-23 20:44:34,2026-02-23 21:18:34,2026-02-23 21:48:34,9.17,22.3,Delivered
DEL-10970,ORD-20970,DRV-125,2026-01-06 16:23:20,2026-01-06 16:51:20,2026-01-06 17:41:20,13.47,28.46,Delivered
DEL-10971,ORD-20971,DRV-117,2026-03-04 02:17:34,2026-03-04 02:37:34,2026-03-04 03:43:34,17.75,35.57,Delivered
DEL-10972,ORD-20972,DRV-113,2026-03-10 21:36:36,2026-03-10 22:01:36,2026-03-10 22:13:36,2.15,14.64,Delivered
DEL-10973,ORD-20973,DRV-120,2026-02-03 07:47:39,2026-02-03 08:15:39,2026-02-03 08:45:39,5.41,17.41,Delivered
DEL-10974,ORD-20974,DRV-125,2026-03-01 03:47:30,2026-03-01 04:14:30,2026-03-01 05:22:30,20.23,35.36,Delivered
DEL-10975,ORD-20975,DRV-104,2026-03-12 18:57:13,2026-03-12 19:16:13,,12.73,26.58,Cancelled
DEL-10976,ORD-20976,DRV-110,2026-03-24 17:16:08,2026-03-24 17:30:08,2026-03-24 18:31:08,15.38,30.12,Delivered
DEL-10977,ORD-20977,DRV-103,2026-01-07 01:10:11,,,22.25,41.17,Cancelled
DEL-10978,ORD-20978,DRV-141,2026-01-21 02:27:23,2026-01-21 02:37:23,2026-01-21 03:06:23,5.61,20.87,Delivered
DEL-10979,ORD-20979,DRV-145,2026-01-02 20:44:38,2026-01-02 20:56:38,2026-01-02 21:37:38,12.37,28.03,Delivered
DEL-10980,ORD-20980,DRV-118,2026-01-22 20:18:15,2026-01-22 20:43:15,2026-01-22 21:29:15,10.95,26.23,Delivered
DEL-10981,ORD-20981,DRV-147,2026-01-19 05:59:22,2026-01-19 06:33:22,2026-01-19 07:07:22,10.09,23.01,Delivered
DEL-10982,ORD-20982,DRV-136,2026-01-24 20:45:36,2026-01-24 21:04:36,2026-01-24 21:23:36,2.71,17.51,Delivered
DEL-10983,ORD-20983,DRV-147,2026-03-03 20:04:13,2026-03-03 20:15:13,2026-03-03 20:44:13,4.15,18.02,Delivered
DEL-10984,ORD-20984,DRV-122,2026-01-17 22:56:25,2026-01-17 23:26:25,2026-01-18 00:12:25,20.34,38.2,Delivered
DEL-10985,ORD-20985,DRV-134,2026-01-31 17:05:43,2026-01-31 17:28:43,2026-01-31 18:25:43,21.52,37.39,Delivered
DEL-10986,ORD-20986,DRV-147,2026-03-16 00:11:05,2026-03-16 00:45:05,2026-03-16 01:17:05,9.31,26.1,Delivered
DEL-10987,ORD-20987,DRV-108,2026-03-30 21:15:05,2026-03-30 21:31:05,2026-03-30 22:39:05,15.79,33.26,Delivered
DEL-10988,ORD-20988,DRV-140,2026-03-12 19:00:28,2026-03-12 19:10:28,2026-03-12 19:46:28,11.38,26.21,Delivered
DEL-10989,ORD-20989,DRV-149,2026-02-11 21:23:34,2026-02-11 21:54:34,2026-02-11 22:24:34,4.94,17.88,Delivered
DEL-10990,ORD-20990,DRV-144,2026-02-18 20:27:21,2026-02-18 20:53:21,2026-02-18 22:32:21,23.93,41.58,Delivered
DEL-10991,ORD-20991,DRV-119,2026-01-07 05:18:35,2026-01-07 05:33:35,2026-01-07 05:59:35,5.29,16.94,Delivered
DEL-10992,ORD-20992,DRV-142,2026-02-18 05:52:53,2026-02-18 06:06:53,2026-02-18 07:30:53,22.9,41.54,Delivered
DEL-10993,ORD-20993,DRV-141,2026-01-07 22:17:22,2026-01-07 22:36:22,2026-01-07 22:50:22,1.24,14.17,Delivered
DEL-10994,ORD-20994,DRV-137,2026-03-02 05:59:07,2026-03-02 06:11:07,2026-03-02 07:06:07,14.5,31.93,Delivered
DEL-10995,ORD-20995,DRV-106,2026-01-26 16:58:57,2026-01-26 17:21:57,2026-01-26 17:58:57,8.41,21.1,Returned
DEL-10996,ORD-20996,DRV-126,2026-02-24 01:07:24,2026-02-24 01:17:24,2026-02-24 02:29:24,21.29,41.42,Delivered
DEL-10997,ORD-20997,DRV-134,2026-03-25 22:26:52,2026-03-25 22:45:52,2026-03-25 23:10:52,2.44,15.76,Delivered
DEL-10998,ORD-20998,DRV-145,2026-01-15 04:13:00,2026-01-15 04:39:00,2026-01-15 05:43:00,19.51,37.76,Delivered
DEL-10999,ORD-20999,DRV-106,2026-02-25 19:56:57,2026-02-25 20:26:57,2026-02-25 21:08:57,10.1,27.41,Delivered
DEL-11000,ORD-21000,DRV-137,2026-02-24 03:58:52,2026-02-24 04:21:52,2026-02-24 04:56:52,7.09,21.05,Delivered
